INSERT INTO country (id, cont_id, name, last_updated) VALUES ('1','0', "Afghanistan – Islamic Republic of Afghanistan", 'NOW()');
INSERT INTO ministry (id, country_id, website) VALUES(NULL, '1', "Ministry of Education (Dari / Pashto / English)");
INSERT INTO policies (id, country_id, website) VALUES(NULL, '1', "National Education Strategic Plan (2006-2010)");
INSERT INTO content (id, country_id, comments) VALUES(NULL, '1', "Contents: technical education, curricula, infrastructure, teacher training, mobile computer labs, distance education");
INSERT INTO content (id, country_id, comments) VALUES(NULL, '1', "Has agreed to do an OLPC pilot (Sept 08).");
INSERT INTO policies (id, country_id, website) VALUES(NULL, '1', "Strategic Plan 2010-2015 (not yet online)");
INSERT INTO policies (id, country_id, website) VALUES(NULL, '1', "Information and Communication Technologies (ICT) Policy (2003)");
INSERT INTO country (id, cont_id, name, last_updated) VALUES ('2','1', "Albania – Republic of Albania", 'NOW()');
INSERT INTO ministry (id, country_id, website) VALUES(NULL, '2', "Ministry of Education and Science (English / Tosk)");
INSERT INTO policies (id, country_id, website) VALUES(NULL, '2', "National Information and Communication Technologies Strategy (2003)");
INSERT INTO content (id, country_id, comments) VALUES(NULL, '2', "Contents: basic computer literacy, infrastructure, curricula, distance learning");
INSERT INTO policies (id, country_id, website) VALUES(NULL, '2', "National Education Strategy 2004-2015 (2005)");
INSERT INTO country (id, cont_id, name, last_updated) VALUES ('3','2', "Algeria – People's Democratic Republic of Algeria", 'NOW()');
INSERT INTO ministry (id, country_id, website) VALUES(NULL, '3', "Ministère de l’éducation nationale (Arabic / French) ");
INSERT INTO policies (id, country_id, website) VALUES(NULL, '3', "National ICT policy for educational development (2002) (document not found)");
INSERT INTO content (id, country_id, comments) VALUES(NULL, '3', "Contents: teacher training, e-learning, curricula update");
INSERT INTO content (id, country_id, comments) VALUES(NULL, '3', "The Ministry of Education has apparently been pursuing a program of equipping schools with computers and internet access. (WikiEducator)");
INSERT INTO country (id, cont_id, name, last_updated) VALUES ('4','1', "Andorra – Principality of Andorra", 'NOW()');
INSERT INTO ministry (id, country_id, website) VALUES(NULL, '4', "Ministra d’Educació, Formació Professional, Joventut i Esports (catala)");
INSERT INTO education_portal (id, country_id, website) VALUES(NULL, '4', "Clau Digital (catala)");
INSERT INTO country (id, cont_id, name, last_updated) VALUES ('5','2', "Angola – Republic of Angola", 'NOW()');
INSERT INTO ministry (id, country_id, website) VALUES(NULL, '5', "Ministério da Educação (Portuguese)");
INSERT INTO policies (id, country_id, website) VALUES(NULL, '5', "\"Plano Educação para Todos 2001 - 2015 (2001");
INSERT INTO content (id, country_id, comments) VALUES(NULL, '5', " Portuguese)\"");
INSERT INTO policies (id, country_id, website) VALUES(NULL, '5', "\"Plano de Accao para a Sociedade da Informacao (PASI");
INSERT INTO content (id, country_id, comments) VALUES(NULL, '5', " 2000");
INSERT INTO policies (id, country_id, website) VALUES(NULL, '5', "\"Estrategia para o desenvolvimento das tecnologias de informacao (EDTI");
INSERT INTO content (id, country_id, comments) VALUES(NULL, '5', " 2006");
INSERT INTO country (id, cont_id, name, last_updated) VALUES ('6','2', "Anguilla", 'NOW()');
INSERT INTO ministry (id, country_id, website) VALUES(NULL, '6', "\"Ministry of Social Development");
INSERT INTO education_portal (id, country_id, website) VALUES(NULL, '6', " Education department\"");
INSERT INTO content (id, country_id, comments) VALUES(NULL, '6', "\"Education development Plan 2005-2010 – (Draft ");
INSERT INTO policies (id, country_id, website) VALUES(NULL, '6', "ICT Agenda");
INSERT INTO country (id, cont_id, name, last_updated) VALUES ('7','2', "Antigua and Barbuda", 'NOW()');
INSERT INTO ministry (id, country_id, website) VALUES(NULL, '7', "Ministry of Education ");
INSERT INTO policies (id, country_id, website) VALUES(NULL, '7', "Information & Communications Technology (ICT) Draft Policy  (2002-2006)");
INSERT INTO content (id, country_id, comments) VALUES(NULL, '7', "Content: curricula, teacher training, instruction, assessment, support, sustainability, equipment, software development");
INSERT INTO country (id, cont_id, name, last_updated) VALUES ('8','4', "Argentina – Argentine Republic", 'NOW()');
INSERT INTO ministry (id, country_id, website) VALUES(NULL, '8', "Ministerio de Educación (Spanish)");
INSERT INTO education_portal (id, country_id, website) VALUES(NULL, '8', "Educ.ar (Spanish)");
INSERT INTO policies (id, country_id, website) VALUES(NULL, '8', "Starting a massive 1:1 educational project called “un alumno, una computadora” (2010)");
INSERT INTO content (id, country_id, comments) VALUES(NULL, '8', "No ICT4E policy known.");
INSERT INTO content (id, country_id, comments) VALUES(NULL, '8', "No national ICT policy known.");
INSERT INTO country (id, cont_id, name, last_updated) VALUES ('9','0', "Armenia – Republic of Armenia", 'NOW()');
INSERT INTO ministry (id, country_id, website) VALUES(NULL, '9', "Ministry of Education and Science (Armenian)");
INSERT INTO policies (id, country_id, website) VALUES(NULL, '9', "Project Development Objective (2003)");
INSERT INTO content (id, country_id, comments) VALUES(NULL, '9', "Content: school infrastructure, curricula, ICT training, teacher training");
INSERT INTO country (id, cont_id, name, last_updated) VALUES ('10','5', "Australia – Commonwealth of Australia", 'NOW()');
INSERT INTO ministry (id, country_id, website) VALUES(NULL, '10', "\"Department of Education");
INSERT INTO education_portal (id, country_id, website) VALUES(NULL, '10', " Science and Training\"");
INSERT INTO content (id, country_id, comments) VALUES(NULL, '10', "\"States have their own ICT4E policies. However");
INSERT INTO ministry (id, country_id, website) VALUES(NULL, '10', "Australian Information and Communications Technology in Education Committee (AICTEC)");
INSERT INTO country (id, cont_id, name, last_updated) VALUES ('11','1', "Austria – Republic of Austria", 'NOW()');
INSERT INTO ministry (id, country_id, website) VALUES(NULL, '11', "\"Federal Ministry for Education");
INSERT INTO education_portal (id, country_id, website) VALUES(NULL, '11', " the Arts and Culture (English / German / French)\"");
INSERT INTO content (id, country_id, comments) VALUES(NULL, '11', "Strategie 2020");
INSERT INTO country (id, cont_id, name, last_updated) VALUES ('12','0', "Azerbaijan – Republic of Azerbaijan", 'NOW()');
INSERT INTO ministry (id, country_id, website) VALUES(NULL, '12', "Ministry of Education (Azeri Russian / english)");
INSERT INTO policies (id, country_id, website) VALUES(NULL, '12', "National ICT4D Strategy (2003-2012)");
INSERT INTO content (id, country_id, comments) VALUES(NULL, '12', "Content: Infrastructure, content, teacher training, curricula, ICT literacy");
INSERT INTO policies (id, country_id, website) VALUES(NULL, '12', "ICT department (Azeri)");
INSERT INTO policies (id, country_id, website) VALUES(NULL, '12', "Education Sector Development Project for Azerbaijan");
INSERT INTO country (id, cont_id, name, last_updated) VALUES ('13','0', "Bahamas<COMMA> The – Commonwealth of The Bahamas", 'NOW()');
INSERT INTO ministry (id, country_id, website) VALUES(NULL, '13', "Ministry of Education ");
INSERT INTO policies (id, country_id, website) VALUES(NULL, '13', "10 year education plan (2009)");
INSERT INTO content (id, country_id, comments) VALUES(NULL, '13', "Content: ICT literacy, school infrastructure, future policy, integration of ICTs in education");
INSERT INTO policies (id, country_id, website) VALUES(NULL, '13', "Policy Statement on Electronic Commerce  and the Bahamian Digital Agenda (2003)");
INSERT INTO country (id, cont_id, name, last_updated) VALUES ('14','0', "Bahrain – Kingdom of Bahrain", 'NOW()');
INSERT INTO ministry (id, country_id, website) VALUES(NULL, '14', "Ministry of Education (Arabic / English)");
INSERT INTO education_portal (id, country_id, website) VALUES(NULL, '14', "Edunet (Arabic)");
INSERT INTO policies (id, country_id, website) VALUES(NULL, '14', "Moe IT Future");
INSERT INTO content (id, country_id, comments) VALUES(NULL, '14', "\"Though no policy document has been found");
INSERT INTO country (id, cont_id, name, last_updated) VALUES ('15','0', "Bangladesh – People's Republic of Bangladesh", 'NOW()');
INSERT INTO ministry (id, country_id, website) VALUES(NULL, '15', "Ministry of Education ");
INSERT INTO policies (id, country_id, website) VALUES(NULL, '15', "National Information and Communication Technology (ICT) Policy (2008)");
INSERT INTO content (id, country_id, comments) VALUES(NULL, '15', "Content: ICTs in education, distance training, connectivity for schools, R&D");
INSERT INTO ministry (id, country_id, website) VALUES(NULL, '15', "Ministry of Primary and mass education");
INSERT INTO policies (id, country_id, website) VALUES(NULL, '15', "Education for All - National Plan of Action (NPA II) 2003-2015");
INSERT INTO country (id, cont_id, name, last_updated) VALUES ('16','0', "Barbados", 'NOW()');
INSERT INTO ministry (id, country_id, website) VALUES(NULL, '16', "\"Ministry of Education");
INSERT INTO education_portal (id, country_id, website) VALUES(NULL, '16', " Youth Affairs & Sports\"");
INSERT INTO content (id, country_id, comments) VALUES(NULL, '16', "Education Sector Enhancement Programme - ");
INSERT INTO policies (id, country_id, website) VALUES(NULL, '16', "Draft National Strategic ICT plan (2005)");
INSERT INTO country (id, cont_id, name, last_updated) VALUES ('17','1', "Belarus – Republic of Belarus", 'NOW()');
INSERT INTO ministry (id, country_id, website) VALUES(NULL, '17', "Ministry of Education (Belarusian / English)  ");
INSERT INTO policies (id, country_id, website) VALUES(NULL, '17', "\"Integrated Information Systems Education of the Republic of Belarus for 2007-2010 (Russian");
INSERT INTO content (id, country_id, comments) VALUES(NULL, '17', " 2007)\"");
INSERT INTO country (id, cont_id, name, last_updated) VALUES ('18','1', "Belgium – Kingdom of Belgium", 'NOW()');
INSERT INTO ministry (id, country_id, website) VALUES(NULL, '18', "\"Ministry of the Flemish Community");
INSERT INTO education_portal (id, country_id, website) VALUES(NULL, '18', " Department of Education (Flemish / English)\"");
INSERT INTO content (id, country_id, comments) VALUES(NULL, '18', "ICT Policy and related documents (2004)");
INSERT INTO policies (id, country_id, website) VALUES(NULL, '18', "ICT policy vision paper (2002)");
INSERT INTO policies (id, country_id, website) VALUES(NULL, '18', "Report: ICT policies in education (2006)");
INSERT INTO policies (id, country_id, website) VALUES(NULL, '18', "Competences for the knowledge society: ICT in education initiative 2007 - 2009");
INSERT INTO country (id, cont_id, name, last_updated) VALUES ('19','1', "Belize", 'NOW()');
INSERT INTO ministry (id, country_id, website) VALUES(NULL, '19', "Ministry of Education (English)");
INSERT INTO education_portal (id, country_id, website) VALUES(NULL, '19', "Ceducar (Spanish)");
INSERT INTO policies (id, country_id, website) VALUES(NULL, '19', "Action Plan 2005 – 2010");
INSERT INTO content (id, country_id, comments) VALUES(NULL, '19', "Content: teacher training, ICT in the curricula, special needs education");
INSERT INTO country (id, cont_id, name, last_updated) VALUES ('20','2', "Benin – Republic of Benin", 'NOW()');
INSERT INTO ministry (id, country_id, website) VALUES(NULL, '20', "Ministère de l’Enseignement Maternel et Primaire (French)");
INSERT INTO policies (id, country_id, website) VALUES(NULL, '20', "\"Education Plan 2006-2015 (French");
INSERT INTO content (id, country_id, comments) VALUES(NULL, '20', " 2006)\"");
INSERT INTO ministry (id, country_id, website) VALUES(NULL, '20', "Ministère de l’Enseignement Secondaire et de la Formation Technique et Professionnelle");
INSERT INTO ministry (id, country_id, website) VALUES(NULL, '20', "Ministère de l’Enseignement Supérieur et de la Recherche Scientifique (MESFP) (French)");
INSERT INTO policies (id, country_id, website) VALUES(NULL, '20', "\"Bénin 2025: une société de l’information solidaire");
INSERT INTO content (id, country_id, comments) VALUES(NULL, '20', " épanouie et ouverte (French)\"");
INSERT INTO policies (id, country_id, website) VALUES(NULL, '20', "Politique et stratégies des TIC au Bénin (French)");
INSERT INTO country (id, cont_id, name, last_updated) VALUES ('21','0', "Bhutan – Kingdom of Bhutan", 'NOW()');
INSERT INTO ministry (id, country_id, website) VALUES(NULL, '21', "Ministry of Education ");
INSERT INTO policies (id, country_id, website) VALUES(NULL, '21', "Information and Communications Technology Policy and Strategies (BIPS) (2004)");
INSERT INTO content (id, country_id, comments) VALUES(NULL, '21', "Content: Computer literacy, connectivity, teacher training,");
INSERT INTO policies (id, country_id, website) VALUES(NULL, '21', "Education Sector Strategy (2006) ");
INSERT INTO country (id, cont_id, name, last_updated) VALUES ('22','4', "Bolivia – Republic of Bolivia", 'NOW()');
INSERT INTO ministry (id, country_id, website) VALUES(NULL, '22', "Ministerio de Educación y Culturas (Spanish)");
INSERT INTO education_portal (id, country_id, website) VALUES(NULL, '22', "EducaBolivia  (Spanish)");
INSERT INTO policies (id, country_id, website) VALUES(NULL, '22', "\"Estrategia Boliviana de Tecnologías de la información y la comunicación (2005");
INSERT INTO content (id, country_id, comments) VALUES(NULL, '22', " spanish) \"");
INSERT INTO policies (id, country_id, website) VALUES(NULL, '22', "Política nacional de nuevas tecnologías de la información y comunicación (ntic’s) para la educación (2005)");
INSERT INTO country (id, cont_id, name, last_updated) VALUES ('23','1', "Bosnia and Herzegovina", 'NOW()');
INSERT INTO ministry (id, country_id, website) VALUES(NULL, '23', "Federal Ministry of Education and Science (Ulaz)");
INSERT INTO country (id, cont_id, name, last_updated) VALUES ('24','2', "Botswana – Republic of Botswana", 'NOW()');
INSERT INTO ministry (id, country_id, website) VALUES(NULL, '24', "Ministry of Education and skills development (Setswana / english)");
INSERT INTO education_portal (id, country_id, website) VALUES(NULL, '24', "Thuto Net");
INSERT INTO policies (id, country_id, website) VALUES(NULL, '24', "National Information and Communications Technology (ICT) Policy (2005)");
INSERT INTO content (id, country_id, comments) VALUES(NULL, '24', "Content: ICT resource centers, infrastructure, school connectivity, networking, library connectivity, professional development, curriculum and content development, tertiary education, and private sector training.");
INSERT INTO policies (id, country_id, website) VALUES(NULL, '24', "Maitlamo: National Policy for ICT4D");
INSERT INTO policies (id, country_id, website) VALUES(NULL, '24', "Vision 2016");
INSERT INTO country (id, cont_id, name, last_updated) VALUES ('25','4', "Brazil – Federative Republic of Brazil", 'NOW()');
INSERT INTO ministry (id, country_id, website) VALUES(NULL, '25', "Ministério da Educação (Portuguese)");
INSERT INTO education_portal (id, country_id, website) VALUES(NULL, '25', "Portal de Conteúdos Educacionais do MEC (Portuguese) ");
INSERT INTO policies (id, country_id, website) VALUES(NULL, '25', "\"Nacional Educational Plan (Portuguese");
INSERT INTO content (id, country_id, comments) VALUES(NULL, '25', " 2001)\"");
INSERT INTO country (id, cont_id, name, last_updated) VALUES ('26','0', "Brunei – Negara Brunei Darussalam", 'NOW()');
INSERT INTO ministry (id, country_id, website) VALUES(NULL, '26', "Ministry of Education ");
INSERT INTO country (id, cont_id, name, last_updated) VALUES ('27','1', "Bulgaria – Republic of Bulgaria", 'NOW()');
INSERT INTO ministry (id, country_id, website) VALUES(NULL, '27', "Ministry of education and Science (Bulgarian)");
INSERT INTO education_portal (id, country_id, website) VALUES(NULL, '27', "Educational Portal for students (bulgarian)");
INSERT INTO policies (id, country_id, website) VALUES(NULL, '27', "National Strategy for Information Society development  (2001)");
INSERT INTO content (id, country_id, comments) VALUES(NULL, '27', "Content: infrastructure, ICT training, teacher training, standards, M&E, ");
INSERT INTO policies (id, country_id, website) VALUES(NULL, '27', "National educational strategy in information and communication technologies (Bulgarian)");
INSERT INTO policies (id, country_id, website) VALUES(NULL, '27', "National Strategy for implementation of ICT in education (bulgarian)");
INSERT INTO policies (id, country_id, website) VALUES(NULL, '27', "National Program for Accelerated Development of Information Society");
INSERT INTO policies (id, country_id, website) VALUES(NULL, '27', "in Bulgaria (2007)");
INSERT INTO country (id, cont_id, name, last_updated) VALUES ('28','2', "Burkina Faso", 'NOW()');
INSERT INTO ministry (id, country_id, website) VALUES(NULL, '28', "Ministère de l\'enseignement de base et de l\'alphabétisation (French) ");
INSERT INTO education_portal (id, country_id, website) VALUES(NULL, '28', "TICE (Technologies de l’Information et de la Communication pour l’Enseignement TICE)");
INSERT INTO policies (id, country_id, website) VALUES(NULL, '28', "ICT Policy being developed by Délégation Générale à l’Informatique (French)");
INSERT INTO content (id, country_id, comments) VALUES(NULL, '28', "Content: school infrastructure and connectivity");
INSERT INTO ministry (id, country_id, website) VALUES(NULL, '28', "\"Ministère des enseignements secondaire");
INSERT INTO education_portal (id, country_id, website) VALUES(NULL, '28', " supérieur et de la recherche scientifique (French)\"");
INSERT INTO content (id, country_id, comments) VALUES(NULL, '28', "\"Plan de developpement de l\'information et de communication du Burkina Faso 2000-2004 (2000");
INSERT INTO country (id, cont_id, name, last_updated) VALUES ('29','2', "Burundi – Republic of Burundi", 'NOW()');
INSERT INTO ministry (id, country_id, website) VALUES(NULL, '29', "Ministère de l\'Education nationale  ");
INSERT INTO policies (id, country_id, website) VALUES(NULL, '29', "National ICT development policy (2007)");
INSERT INTO ministry (id, country_id, website) VALUES(NULL, '29', "(French)");
INSERT INTO country (id, cont_id, name, last_updated) VALUES ('30','0', "Cambodia – Kingdom of Cambodia ", 'NOW()');
INSERT INTO ministry (id, country_id, website) VALUES(NULL, '30', "\"Ministry of Education");
INSERT INTO education_portal (id, country_id, website) VALUES(NULL, '30', " Youth and Sports (English/Khmer) \"");
INSERT INTO content (id, country_id, comments) VALUES(NULL, '30', "Policy and Strategies on Information and Communication Technology in");
INSERT INTO policies (id, country_id, website) VALUES(NULL, '30', "Education in Cambodia (2005)");
INSERT INTO policies (id, country_id, website) VALUES(NULL, '30', "Draft ICT Policy (outdated?)");
INSERT INTO policies (id, country_id, website) VALUES(NULL, '30', "Education Strategic Plan 2006-2010  and support Programme (2005)");
INSERT INTO policies (id, country_id, website) VALUES(NULL, '30', "Best Practices of ICT in Education in Cambodia (2008)");
INSERT INTO policies (id, country_id, website) VALUES(NULL, '30', "National ICT policy (2008)");
INSERT INTO country (id, cont_id, name, last_updated) VALUES ('31','2', "Cameroon – Republic of Cameroon", 'NOW()');
INSERT INTO ministry (id, country_id, website) VALUES(NULL, '31', "Ministère de l\'Education de base");
INSERT INTO policies (id, country_id, website) VALUES(NULL, '31', "\"National Education Strategy (2006");
INSERT INTO content (id, country_id, comments) VALUES(NULL, '31', " French)\"");
INSERT INTO policies (id, country_id, website) VALUES(NULL, '31', "Cam-educ (2001)");
INSERT INTO ministry (id, country_id, website) VALUES(NULL, '31', "Ministère de l\'enseignement supérieur  (French / English)");
INSERT INTO policies (id, country_id, website) VALUES(NULL, '31', "\"Stratégie nationale camerounaise de développement des TIC (French");
INSERT INTO content (id, country_id, comments) VALUES(NULL, '31', " 2007)\"");
INSERT INTO policies (id, country_id, website) VALUES(NULL, '31', "Plan national des infrastructures");
INSERT INTO policies (id, country_id, website) VALUES(NULL, '31', "De la communication et de");
INSERT INTO policies (id, country_id, website) VALUES(NULL, '31', "L’information (French)");
INSERT INTO country (id, cont_id, name, last_updated) VALUES ('32','3', "Canada", 'NOW()');
INSERT INTO ministry (id, country_id, website) VALUES(NULL, '32', "Each province has it own Ministry:");
INSERT INTO policies (id, country_id, website) VALUES(NULL, '32', "Each state has its own plan. Example: Learning and technology policy framework - State of Alberta (2005)");
INSERT INTO content (id, country_id, comments) VALUES(NULL, '32', "Education is administered by each state.");
INSERT INTO ministry (id, country_id, website) VALUES(NULL, '32', "Ontario: Ministry of Education (English / French) ");
INSERT INTO country (id, cont_id, name, last_updated) VALUES ('33','2', "Cape Verde – Republic of Cape Verde", 'NOW()');
INSERT INTO ministry (id, country_id, website) VALUES(NULL, '33', "Ministério da Educação e Desporto (Portuguese)");
INSERT INTO policies (id, country_id, website) VALUES(NULL, '33', "\"Educational Strategy 2006 -2011 (Portuguese");
INSERT INTO content (id, country_id, comments) VALUES(NULL, '33', " 2007)\"");
INSERT INTO ministry (id, country_id, website) VALUES(NULL, '33', "Instituto Superior de Educação (Portuguese)");
INSERT INTO policies (id, country_id, website) VALUES(NULL, '33', "\"Plan National de Développement d’Infrastructure des Technologies d’Information et Communication (year 2000");
INSERT INTO content (id, country_id, comments) VALUES(NULL, '33', " French)\"");
INSERT INTO country (id, cont_id, name, last_updated) VALUES ('34','2', "Central African Republic", 'NOW()');
INSERT INTO ministry (id, country_id, website) VALUES(NULL, '34', "﻿Ministère de l\'Education Nationale et de l\'Enseignement Supérieur (site not found)");
INSERT INTO country (id, cont_id, name, last_updated) VALUES ('35','2', "Chad – Republic of Chad", 'NOW()');
INSERT INTO ministry (id, country_id, website) VALUES(NULL, '35', "Ministère de l\'Education Nationale (French, not found)");
INSERT INTO policies (id, country_id, website) VALUES(NULL, '35', "Projet d\'appui à la réforme du secteur de l\'éducation auTchad (PARSET) (2002)");
INSERT INTO ministry (id, country_id, website) VALUES(NULL, '35', "Ministère de l’Enseignement Supérieur et de la Recherche Scientifique (French)");
INSERT INTO country (id, cont_id, name, last_updated) VALUES ('36','4', "Chile – Republic of Chile", 'NOW()');
INSERT INTO ministry (id, country_id, website) VALUES(NULL, '36', "Ministerio de Educación (Spanish) ");
INSERT INTO education_portal (id, country_id, website) VALUES(NULL, '36', "Educar (Spanish)");
INSERT INTO policies (id, country_id, website) VALUES(NULL, '36', "Orientaciones Estratégicas de Educación y Tecnología (Spanish) ");
INSERT INTO content (id, country_id, comments) VALUES(NULL, '36', "Content: Curricula, teacher training, digital content, school infrastructure, school management, standards, ");
INSERT INTO ministry (id, country_id, website) VALUES(NULL, '36', "Enlaces (Spanish)");
INSERT INTO education_portal (id, country_id, website) VALUES(NULL, '36', "Portal Pinguino (Spanish)");
INSERT INTO policies (id, country_id, website) VALUES(NULL, '36', "\"Estrategia digital 2007-2012 (Spanish website");
INSERT INTO content (id, country_id, comments) VALUES(NULL, '36', " english version)\"");
INSERT INTO policies (id, country_id, website) VALUES(NULL, '36', "Plan de acción 2008-2010 (Spanish)");
INSERT INTO country (id, cont_id, name, last_updated) VALUES ('37','0', "China – People's Republic of China", 'NOW()');
INSERT INTO ministry (id, country_id, website) VALUES(NULL, '37', "Ministry of Education China (Chinese / english)");
INSERT INTO policies (id, country_id, website) VALUES(NULL, '37', "\"Action Schemes for Invigorating Education Towards the 21st Century (Chinese");
INSERT INTO content (id, country_id, comments) VALUES(NULL, '37', " 2001)\"");
INSERT INTO policies (id, country_id, website) VALUES(NULL, '37', "China Education and Research Network (CERNET) ");
INSERT INTO country (id, cont_id, name, last_updated) VALUES ('38','4', "Colombia – Republic of Colombia", 'NOW()');
INSERT INTO ministry (id, country_id, website) VALUES(NULL, '38', "Ministerio de Educación nacional (Spanish)");
INSERT INTO education_portal (id, country_id, website) VALUES(NULL, '38', "Colombia Aprende  (Spanish)");
INSERT INTO policies (id, country_id, website) VALUES(NULL, '38', "National Education Plan 2006-2016 (Spanish)");
INSERT INTO content (id, country_id, comments) VALUES(NULL, '38', "Content: school infrastructure and networks, teacher training, educative portal, content development, curricula, access to cheap devices");
INSERT INTO policies (id, country_id, website) VALUES(NULL, '38', "\"Programa de Uso de Medios y Nuevas Tecnologías (2002");
INSERT INTO content (id, country_id, comments) VALUES(NULL, '38', " spanish)\"");
INSERT INTO policies (id, country_id, website) VALUES(NULL, '38', "\"National ICT Plan (2008");
INSERT INTO content (id, country_id, comments) VALUES(NULL, '38', " Spanish)\"");
INSERT INTO policies (id, country_id, website) VALUES(NULL, '38', "\"ICT Policy in Education of Bogota (2005");
INSERT INTO content (id, country_id, comments) VALUES(NULL, '38', " Spanish) \"");
INSERT INTO country (id, cont_id, name, last_updated) VALUES ('39','2', "Comoros – Union of the Comoros", 'NOW()');
INSERT INTO ministry (id, country_id, website) VALUES(NULL, '39', "Ministère de l\'Education Nationale (no site found)");
INSERT INTO policies (id, country_id, website) VALUES(NULL, '39', "Lettre de politique de development des Nouvelles Technologies de l\'Information et de la Communication 2004-2008 (French)");
INSERT INTO content (id, country_id, comments) VALUES(NULL, '39', "Year: 2004");
INSERT INTO content (id, country_id, comments) VALUES(NULL, '39', "Content: infrastructure, training, software, teacher training ");
INSERT INTO country (id, cont_id, name, last_updated) VALUES ('40','2', "Congo – Democratic Republic of the Congo", 'NOW()');
INSERT INTO ministry (id, country_id, website) VALUES(NULL, '40', "Ministère de l\'Enseignement Primaire Sécondaire et Professionnel");
INSERT INTO content (id, country_id, comments) VALUES(NULL, '40', "Year: 2004");
INSERT INTO ministry (id, country_id, website) VALUES(NULL, '40', "Ministère de l’Enseignement Supérieur et Universitaire (MESU) ");
INSERT INTO ministry (id, country_id, website) VALUES(NULL, '40', "Ministère des Affaires Sociales (MAS).");
INSERT INTO country (id, cont_id, name, last_updated) VALUES ('41','2', "Costa Rica – Republic of Costa Rica", 'NOW()');
INSERT INTO ministry (id, country_id, website) VALUES(NULL, '41', "Ministerio de Educación Pública  (Spanish)");
INSERT INTO education_portal (id, country_id, website) VALUES(NULL, '41', "Educatico  (Spanish)");
INSERT INTO policies (id, country_id, website) VALUES(NULL, '41', "\"Programa Nacional de Informática Educativa MEP-FOD (1998");
INSERT INTO content (id, country_id, comments) VALUES(NULL, '41', " Spanish)\"");
INSERT INTO policies (id, country_id, website) VALUES(NULL, '41', "Recursos Tecnológicos en Educación (spanish)");
INSERT INTO ministry (id, country_id, website) VALUES(NULL, '41', "Fundación Omar Dengo (Spanish)");
INSERT INTO education_portal (id, country_id, website) VALUES(NULL, '41', "Ceducar (spanish)");
INSERT INTO policies (id, country_id, website) VALUES(NULL, '41', "Plan de Acción de la Educación para Todos 2003-2015 (spanish)");
INSERT INTO country (id, cont_id, name, last_updated) VALUES ('42','2', "Côte d'Ivoire – Republic of Côte d'Ivoire", 'NOW()');
INSERT INTO ministry (id, country_id, website) VALUES(NULL, '42', "Ministère de l’éducation nationale  (French)");
INSERT INTO policies (id, country_id, website) VALUES(NULL, '42', "\"Plan de Developpment de l\'Infrastructure Nationale de l\'Information et de la Communication 2000-2005 (French");
INSERT INTO content (id, country_id, comments) VALUES(NULL, '42', " 2000)\"");
INSERT INTO ministry (id, country_id, website) VALUES(NULL, '42', "Ministere de l’Enseignement Technique et de la Formation Professionelle (METFP)  (french)");
INSERT INTO policies (id, country_id, website) VALUES(NULL, '42', "\"1997-2010 national education/training sector development plan (PNDEF");
INSERT INTO content (id, country_id, comments) VALUES(NULL, '42', " French)\"");
INSERT INTO country (id, cont_id, name, last_updated) VALUES ('43','1', "Croatia – Republic of Croatia", 'NOW()');
INSERT INTO ministry (id, country_id, website) VALUES(NULL, '43', "\"Ministry of Science");
INSERT INTO education_portal (id, country_id, website) VALUES(NULL, '43', " Education and Sports. (Croatian / English)\"");
INSERT INTO policies (id, country_id, website) VALUES(NULL, '43', "Portal for schools - Skole");
INSERT INTO content (id, country_id, comments) VALUES(NULL, '43', "Education Sector Development Plan 2005-2010 (2006)");
INSERT INTO policies (id, country_id, website) VALUES(NULL, '43', "Information Infrastructure");
INSERT INTO policies (id, country_id, website) VALUES(NULL, '43', "Other educational ICT strategies");
INSERT INTO policies (id, country_id, website) VALUES(NULL, '43', "Information and communication technology – Croatia in the 21st century (2002)");
INSERT INTO country (id, cont_id, name, last_updated) VALUES ('44','1', "Cuba – Republic of Cuba", 'NOW()');
INSERT INTO ministry (id, country_id, website) VALUES(NULL, '44', "Ministerio de Educación (Spanish) ");
INSERT INTO education_portal (id, country_id, website) VALUES(NULL, '44', "Cubaeduca");
INSERT INTO policies (id, country_id, website) VALUES(NULL, '44', "Política para la Informatización de la Sociedad (2003)");
INSERT INTO content (id, country_id, comments) VALUES(NULL, '44', "Content: content and software development, teacher training, curricula, school equipment");
INSERT INTO ministry (id, country_id, website) VALUES(NULL, '44', "Departamento Nacional de Software Educativo (Spanish)");
INSERT INTO country (id, cont_id, name, last_updated) VALUES ('45','0', "Cyprus – Republic of Cyprus", 'NOW()');
INSERT INTO ministry (id, country_id, website) VALUES(NULL, '45', "Ministry of Education and Culture (Greek)");
INSERT INTO education_portal (id, country_id, website) VALUES(NULL, '45', "Educational Portal ");
INSERT INTO policies (id, country_id, website) VALUES(NULL, '45', "Lisbon Strategy Text (2005)");
INSERT INTO content (id, country_id, comments) VALUES(NULL, '45', "Content: ICT infrastructure in schools, educational, teacher training, e-learning");
INSERT INTO country (id, cont_id, name, last_updated) VALUES ('46','1', "Czech Republic", 'NOW()');
INSERT INTO ministry (id, country_id, website) VALUES(NULL, '46', "\"Ministry of Education");
INSERT INTO education_portal (id, country_id, website) VALUES(NULL, '46', " Youth and Sport (Czech / English)\"");
INSERT INTO content (id, country_id, comments) VALUES(NULL, '46', "Ministry’s projects (Czech) and action plan 2009-2013 (Czech)");
INSERT INTO ministry (id, country_id, website) VALUES(NULL, '46', "Institute for Information on Education (Czech/ English)");
INSERT INTO policies (id, country_id, website) VALUES(NULL, '46', "\"State Information and Communications Policy (SIP");
INSERT INTO content (id, country_id, comments) VALUES(NULL, '46', " 2006)\"");
INSERT INTO country (id, cont_id, name, last_updated) VALUES ('47','1', "Denmark – Kingdom of Denmark", 'NOW()');
INSERT INTO ministry (id, country_id, website) VALUES(NULL, '47', "Ministry of Education (Danish / English)");
INSERT INTO policies (id, country_id, website) VALUES(NULL, '47', "Enhanced Internationalisation of Danish Education – Policy paper");
INSERT INTO content (id, country_id, comments) VALUES(NULL, '47', "Year: 2004");
INSERT INTO content (id, country_id, comments) VALUES(NULL, '47', "Content: curricula, teacher training,");
INSERT INTO policies (id, country_id, website) VALUES(NULL, '47', "IT Policy");
INSERT INTO country (id, cont_id, name, last_updated) VALUES ('48','2', "Djibouti – Republic of Djibouti", 'NOW()');
INSERT INTO ministry (id, country_id, website) VALUES(NULL, '48', "Ministère de l\'Education Nationale et de l\'Enseignement Supérieur (French)");
INSERT INTO policies (id, country_id, website) VALUES(NULL, '48', "\"Education Plan 2006-2008 (2005");
INSERT INTO content (id, country_id, comments) VALUES(NULL, '48', " French)\"");
INSERT INTO policies (id, country_id, website) VALUES(NULL, '48', "Djibouti National ICT Strategy and accompanying Action Plan (has dissapeared from site)");
INSERT INTO country (id, cont_id, name, last_updated) VALUES ('49','2', "Dominica – Commonwealth of Dominica", 'NOW()');
INSERT INTO ministry (id, country_id, website) VALUES(NULL, '49', "\"Ministry of Education");
INSERT INTO education_portal (id, country_id, website) VALUES(NULL, '49', " Human Resource Development");
INSERT INTO policies (id, country_id, website) VALUES(NULL, '49', " Youth Affairs and Sports\"");
INSERT INTO policies (id, country_id, website) VALUES(NULL, '49', "\"Also");
INSERT INTO content (id, country_id, comments) VALUES(NULL, '49', " they have developed a very comprehensive Implementation Plan (2004-2009) \"");
INSERT INTO country (id, cont_id, name, last_updated) VALUES ('50','2', "Dominican Republic", 'NOW()');
INSERT INTO ministry (id, country_id, website) VALUES(NULL, '50', "Secretaria de estado de Educación (Spanish)");
INSERT INTO education_portal (id, country_id, website) VALUES(NULL, '50', "Educando (Spanish)");
INSERT INTO policies (id, country_id, website) VALUES(NULL, '50', "\"Plan estratégico e-dominicana 2007-2010 (2007");
INSERT INTO content (id, country_id, comments) VALUES(NULL, '50', " Spanish)  \"");
INSERT INTO policies (id, country_id, website) VALUES(NULL, '50', "Plan educación 2008-2018 (spanish)");
INSERT INTO education_portal (id, country_id, website) VALUES(NULL, '50', "Ceducar (spanish)");
INSERT INTO policies (id, country_id, website) VALUES(NULL, '50', "Plan Estratégico de Desarrollo de la Educación Dominicana 2003-2012 (spanish)");
INSERT INTO country (id, cont_id, name, last_updated) VALUES ('51','0', "East Timor – Democratic Republic of Timor-Leste", 'NOW()');
INSERT INTO ministry (id, country_id, website) VALUES(NULL, '51', "Ministério da Educação e da Cultura ");
INSERT INTO country (id, cont_id, name, last_updated) VALUES ('52','4', "Ecuador – Republic of Ecuador", 'NOW()');
INSERT INTO ministry (id, country_id, website) VALUES(NULL, '52', "Ministerio de educación (Spanish)");
INSERT INTO education_portal (id, country_id, website) VALUES(NULL, '52', "Educar (Spanish)");
INSERT INTO policies (id, country_id, website) VALUES(NULL, '52', "\"Agenda Nacional de Conectividad (Spanish");
INSERT INTO content (id, country_id, comments) VALUES(NULL, '52', " 2002)\"");
INSERT INTO policies (id, country_id, website) VALUES(NULL, '52', "\"Ten Year educaction plan 2006-2015 (english");
INSERT INTO content (id, country_id, comments) VALUES(NULL, '52', " 2006)\"");
INSERT INTO country (id, cont_id, name, last_updated) VALUES ('53','2', "Egypt – Arab Republic of Egypt", 'NOW()');
INSERT INTO ministry (id, country_id, website) VALUES(NULL, '53', "Ministry of Education (Arabic)");
INSERT INTO education_portal (id, country_id, website) VALUES(NULL, '53', "Educative portal (Arab)");
INSERT INTO policies (id, country_id, website) VALUES(NULL, '53', "ICT for Learning: Egyptian Education Initiative (2006)");
INSERT INTO content (id, country_id, comments) VALUES(NULL, '53', "Content: infrastructure, curricula, distance education, Illiteracy eradication ");
INSERT INTO ministry (id, country_id, website) VALUES(NULL, '53', "Ministry of Higher Education (Arabic)");
INSERT INTO policies (id, country_id, website) VALUES(NULL, '53', "Egypt’s ICT Strategy 2007-2010 (2005)");
INSERT INTO country (id, cont_id, name, last_updated) VALUES ('54','2', "El Salvador – Republic of El Salvador", 'NOW()');
INSERT INTO ministry (id, country_id, website) VALUES(NULL, '54', "Ministerio de Educación (spanish) ");
INSERT INTO education_portal (id, country_id, website) VALUES(NULL, '54', "Mi Portal (spanish)");
INSERT INTO policies (id, country_id, website) VALUES(NULL, '54', "\"Plan nacional de educación 2021 (2007");
INSERT INTO content (id, country_id, comments) VALUES(NULL, '54', " Spanish)\"");
INSERT INTO education_portal (id, country_id, website) VALUES(NULL, '54', "Ceducar (spanish)");
INSERT INTO policies (id, country_id, website) VALUES(NULL, '54', "Estrategia e-pais (Spanish)");
INSERT INTO country (id, cont_id, name, last_updated) VALUES ('55','2', "Equatorial Guinea – Republic of Equatorial Guinea", 'NOW()');
INSERT INTO ministry (id, country_id, website) VALUES(NULL, '55', "Ministerio de Educación Ciencia y Deportes (no site found)");
INSERT INTO country (id, cont_id, name, last_updated) VALUES ('56','2', "Eritrea – State of Eritrea", 'NOW()');
INSERT INTO ministry (id, country_id, website) VALUES(NULL, '56', "\"Ministry of Education (English");
INSERT INTO education_portal (id, country_id, website) VALUES(NULL, '56', " temporarily down)\"");
INSERT INTO content (id, country_id, comments) VALUES(NULL, '56', "ICT Policy in Education (2005) (seems to exist, but not found)");
INSERT INTO country (id, cont_id, name, last_updated) VALUES ('57','1', "Estonia – Republic of Estonia", 'NOW()');
INSERT INTO ministry (id, country_id, website) VALUES(NULL, '57', "Ministry of Education  and Research (Estonian / English / Russian)");
INSERT INTO policies (id, country_id, website) VALUES(NULL, '57', "Estonian IT Strategy ");
INSERT INTO content (id, country_id, comments) VALUES(NULL, '57', "Years: 2004-2006/2006-2013");
INSERT INTO content (id, country_id, comments) VALUES(NULL, '57', "Contents: IT literacy; training high-level IT specialists; training of educational specialists; eLearning; publishing educational materials ; research and development");
INSERT INTO policies (id, country_id, website) VALUES(NULL, '57', "Estonian IT Policy ");
INSERT INTO policies (id, country_id, website) VALUES(NULL, '57', "Tiger Leap Program and Learning Tiger Program  ");
INSERT INTO policies (id, country_id, website) VALUES(NULL, '57', "(Estonian/English)");
INSERT INTO policies (id, country_id, website) VALUES(NULL, '57', "Strategy 2006-2009");
INSERT INTO policies (id, country_id, website) VALUES(NULL, '57', "Knowledge-based Estonia (2007-2013)");
INSERT INTO country (id, cont_id, name, last_updated) VALUES ('58','2', "Ethiopia – Federal Democratic Republic of Ethiopia", 'NOW()');
INSERT INTO ministry (id, country_id, website) VALUES(NULL, '58', "Ministry of Education");
INSERT INTO education_portal (id, country_id, website) VALUES(NULL, '58', "Teachers education portal");
INSERT INTO policies (id, country_id, website) VALUES(NULL, '58', "Ethiopian ICT Policy (2005)");
INSERT INTO content (id, country_id, comments) VALUES(NULL, '58', "Content: ICT literacy, curricula, distance education,  equipment, infrastructure and connectivity");
INSERT INTO ministry (id, country_id, website) VALUES(NULL, '58', "Federal Institute for Curriculum Development and Research");
INSERT INTO policies (id, country_id, website) VALUES(NULL, '58', "ICT4D Strategy and Action Plan ");
INSERT INTO policies (id, country_id, website) VALUES(NULL, '58', "Education Sector development Program III 2005-2011 (2005)");
INSERT INTO country (id, cont_id, name, last_updated) VALUES ('59','5', "Fiji – Republic of the Fiji Islands", 'NOW()');
INSERT INTO ministry (id, country_id, website) VALUES(NULL, '59', "Ministry of Education ");
INSERT INTO policies (id, country_id, website) VALUES(NULL, '59', "Strategic Development Plan 2009-2011");
INSERT INTO content (id, country_id, comments) VALUES(NULL, '59', "Content: connectivity for schools, ICT training, teacher training");
INSERT INTO policies (id, country_id, website) VALUES(NULL, '59', "National ICT Strategy Plan  (2003)");
INSERT INTO country (id, cont_id, name, last_updated) VALUES ('60','1', "Finland – Republic of Finland", 'NOW()');
INSERT INTO ministry (id, country_id, website) VALUES(NULL, '60', "Ministry of Education (English / Suomi / Svenska) ");
INSERT INTO policies (id, country_id, website) VALUES(NULL, '60', "\"Information Society Programme for Education");
INSERT INTO content (id, country_id, comments) VALUES(NULL, '60', " Training and Research 2004 - 2006. \"");
INSERT INTO policies (id, country_id, website) VALUES(NULL, '60', "National Knowledge Society Strategy 2007-2015");
INSERT INTO policies (id, country_id, website) VALUES(NULL, '60', "Ubiquitous Information Society Action Programme (2008-2011)");
INSERT INTO country (id, cont_id, name, last_updated) VALUES ('61','1', "France – French Republic", 'NOW()');
INSERT INTO ministry (id, country_id, website) VALUES(NULL, '61', "Ministère de l\'Education nationale (French)");
INSERT INTO policies (id, country_id, website) VALUES(NULL, '61', "\"Educnet");
INSERT INTO content (id, country_id, comments) VALUES(NULL, '61', " Ensegner avec les TICs (French/Spanish/English)\"");
INSERT INTO content (id, country_id, comments) VALUES(NULL, '61', "Detailed ICT policy, plan and online activities");
INSERT INTO policies (id, country_id, website) VALUES(NULL, '61', "Plan d\'action pour le développement national des TICE (French)");
INSERT INTO country (id, cont_id, name, last_updated) VALUES ('62','2', "Gabon – Gabonese Republic", 'NOW()');
INSERT INTO ministry (id, country_id, website) VALUES(NULL, '62', "\"Ministère de l\'enseignement supérieur");
INSERT INTO education_portal (id, country_id, website) VALUES(NULL, '62', " de la recherche");
INSERT INTO policies (id, country_id, website) VALUES(NULL, '62', " et de l\'innovation technologique (French)\"");
INSERT INTO ministry (id, country_id, website) VALUES(NULL, '62', "Ministère de l’Education Nationale");
INSERT INTO country (id, cont_id, name, last_updated) VALUES ('63','2', "Gambia<COMMA> The – Republic of The Gambia", 'NOW()');
INSERT INTO ministry (id, country_id, website) VALUES(NULL, '63', "Ministry of Education ");
INSERT INTO policies (id, country_id, website) VALUES(NULL, '63', "National Information & Communication Infrastructure (NICI) Policy and Plans (2004)");
INSERT INTO content (id, country_id, comments) VALUES(NULL, '63', "Content: ICT literacy, ICT resources, distance and open learning, standards, research facilities, network infrastructure, professional development, staff motivation and retention, and policy.");
INSERT INTO policies (id, country_id, website) VALUES(NULL, '63', "Gambian ICT4D plan 2012 (2008)");
INSERT INTO policies (id, country_id, website) VALUES(NULL, '63', "Education Sector Strategic Plan 2006-2015 (2006)");
INSERT INTO country (id, cont_id, name, last_updated) VALUES ('64','0', "Georgia", 'NOW()');
INSERT INTO ministry (id, country_id, website) VALUES(NULL, '64', "Ministry of Education and Science (Georgian / english)");
INSERT INTO policies (id, country_id, website) VALUES(NULL, '64', "Consolidated Education Strategy and action plan 2007-2011 (2007)");
INSERT INTO content (id, country_id, comments) VALUES(NULL, '64', "Content: school equipment and connectivity, educational software and services and technical support, upgrading the ICT skills of");
INSERT INTO content (id, country_id, comments) VALUES(NULL, '64', "teachers and students, integrating ICT into the curricula");
INSERT INTO policies (id, country_id, website) VALUES(NULL, '64', "School computerization program: deer leap (Georgian / English)");
INSERT INTO country (id, cont_id, name, last_updated) VALUES ('65','1', "Germany – Federal Republic of Germany", 'NOW()');
INSERT INTO ministry (id, country_id, website) VALUES(NULL, '65', "Ministry of Education and research (German/English)");
INSERT INTO policies (id, country_id, website) VALUES(NULL, '65', "\"HYPERLINK(\"\"http://www.bmwi.de/English/Navigation/technology-policy.html\"\"");
INSERT INTO content (id, country_id, comments) VALUES(NULL, '65', "\"\"\"\" Deutschland2010)\"");
INSERT INTO policies (id, country_id, website) VALUES(NULL, '65', "Online-Offline – IT in education (2000)");
INSERT INTO policies (id, country_id, website) VALUES(NULL, '65', "Information Society Strategy (german/English)");
INSERT INTO country (id, cont_id, name, last_updated) VALUES ('66','2', "Ghana – Republic of Ghana", 'NOW()');
INSERT INTO ministry (id, country_id, website) VALUES(NULL, '66', "Ministry of Education  ");
INSERT INTO education_portal (id, country_id, website) VALUES(NULL, '66', "Student portal");
INSERT INTO policies (id, country_id, website) VALUES(NULL, '66', "Ghana ICT for Accelerated Development (ICT4AD) Policy ");
INSERT INTO content (id, country_id, comments) VALUES(NULL, '66', "Year: 2004 / 2006");
INSERT INTO content (id, country_id, comments) VALUES(NULL, '66', "Content: universal basic education, infrastructure, learning materials, science and technology education, electronic distance education, information networks");
INSERT INTO policies (id, country_id, website) VALUES(NULL, '66', "ICT in Education Policy Framework  ");
INSERT INTO country (id, cont_id, name, last_updated) VALUES ('67','1', "Greece – Hellenic Republic", 'NOW()');
INSERT INTO ministry (id, country_id, website) VALUES(NULL, '67', "Ministry of Education and religious affairs (Greek/ English)");
INSERT INTO policies (id, country_id, website) VALUES(NULL, '67', "Strategy for ICTs in Education");
INSERT INTO content (id, country_id, comments) VALUES(NULL, '67', "Contents: equipping schools, networking, training teachers and preparing digital material");
INSERT INTO policies (id, country_id, website) VALUES(NULL, '67', "\"Digital Strategy 2006- 2013 (Greek / German / French / English");
INSERT INTO content (id, country_id, comments) VALUES(NULL, '67', " 2006)\"");
INSERT INTO policies (id, country_id, website) VALUES(NULL, '67', "Action line: education");
INSERT INTO country (id, cont_id, name, last_updated) VALUES ('68','1', "Grenada", 'NOW()');
INSERT INTO ministry (id, country_id, website) VALUES(NULL, '68', "Ministry of Education and Labor ");
INSERT INTO policies (id, country_id, website) VALUES(NULL, '68', "ICT4D National Policy (2001)");
INSERT INTO content (id, country_id, comments) VALUES(NULL, '68', "Content: ICT training, distance learning, teacher training, infrastructure and connectivity");
INSERT INTO policies (id, country_id, website) VALUES(NULL, '68', "ICT Strategy and Action Plan (2002-2005)");
INSERT INTO content (id, country_id, comments) VALUES(NULL, '68', "Note: Currently (2008) developing ICT4E Policy");
INSERT INTO country (id, cont_id, name, last_updated) VALUES ('69','1', "Guatemala – Republic of Guatemala", 'NOW()');
INSERT INTO ministry (id, country_id, website) VALUES(NULL, '69', "Ministerio de Educación (Spanish)");
INSERT INTO education_portal (id, country_id, website) VALUES(NULL, '69', "Portal Educativo (Spanish)");
INSERT INTO policies (id, country_id, website) VALUES(NULL, '69', "\"Educational Policy 2008-2012 (2008");
INSERT INTO content (id, country_id, comments) VALUES(NULL, '69', " introduction");
INSERT INTO education_portal (id, country_id, website) VALUES(NULL, '69', "Ceducar (spanish)");
INSERT INTO policies (id, country_id, website) VALUES(NULL, '69', "Proyecto Escuelas del Futuro (Spanish)");
INSERT INTO country (id, cont_id, name, last_updated) VALUES ('70','2', "Guinea – Republic of Guinea", 'NOW()');
INSERT INTO ministry (id, country_id, website) VALUES(NULL, '70', "Ministère de l\'Education et de la recherche Scientifique (French)");
INSERT INTO policies (id, country_id, website) VALUES(NULL, '70', "Plan de development de l\'infrastructure nationale d\'information et de communication de la Republic de Guinee (2001-2004) (French)");
INSERT INTO content (id, country_id, comments) VALUES(NULL, '70', "Content: infrastructure, training");
INSERT INTO country (id, cont_id, name, last_updated) VALUES ('71','2', "Guinea-Bissau – Republic of Guinea-Bissau", 'NOW()');
INSERT INTO ministry (id, country_id, website) VALUES(NULL, '71', "Ministério da Educação, Ciências e Cultura (site not found)");
INSERT INTO country (id, cont_id, name, last_updated) VALUES ('72','4', "Guyana – Co-operative Republic of Guyana", 'NOW()');
INSERT INTO ministry (id, country_id, website) VALUES(NULL, '72', "Ministry of Education ");
INSERT INTO policies (id, country_id, website) VALUES(NULL, '72', "\"ICT4D Guyana");
INSERT INTO content (id, country_id, comments) VALUES(NULL, '72', " National Strategy (2006)\"");
INSERT INTO policies (id, country_id, website) VALUES(NULL, '72', "Guyana Draft IT Policy (2003)");
INSERT INTO policies (id, country_id, website) VALUES(NULL, '72', "MOE Strategic Plan 2003-2007 (2002)");
INSERT INTO country (id, cont_id, name, last_updated) VALUES ('73','4', "Haiti – Republic of Haiti", 'NOW()');
INSERT INTO ministry (id, country_id, website) VALUES(NULL, '73', "Ministere de l\'education Nationale (French)");
INSERT INTO country (id, cont_id, name, last_updated) VALUES ('74','4', "Honduras – Republic of Honduras", 'NOW()');
INSERT INTO ministry (id, country_id, website) VALUES(NULL, '74', "Secretaria de educación (spanish) ");
INSERT INTO education_portal (id, country_id, website) VALUES(NULL, '74', "Ceducar (spanish)");
INSERT INTO policies (id, country_id, website) VALUES(NULL, '74', "\"Plan estratégico de educación 2005-2015 (2007");
INSERT INTO content (id, country_id, comments) VALUES(NULL, '74', "Spanish)\"");
INSERT INTO policies (id, country_id, website) VALUES(NULL, '74', "\"Lineamientos estratégicos sobre TICs (2002");
INSERT INTO content (id, country_id, comments) VALUES(NULL, '74', " Spanish)\"");
INSERT INTO country (id, cont_id, name, last_updated) VALUES ('75','0', "Hong Kong – Hong Kong Special Administrative Region of the People's Republic of China", 'NOW()');
INSERT INTO ministry (id, country_id, website) VALUES(NULL, '75', "Education Bureau (English/Chinese)");
INSERT INTO policies (id, country_id, website) VALUES(NULL, '75', "Empowering Learning and Teaching with Information Technology (2004)");
INSERT INTO content (id, country_id, comments) VALUES(NULL, '75', "Content: connectivity, teacher training, content, software");
INSERT INTO policies (id, country_id, website) VALUES(NULL, '75', "Information Technology in Education – Way Forward (2005)");
INSERT INTO country (id, cont_id, name, last_updated) VALUES ('76','1', "Hungary – Republic of Hungary", 'NOW()');
INSERT INTO ministry (id, country_id, website) VALUES(NULL, '76', "Ministry of Education and Culture (Hungarian / English)");
INSERT INTO education_portal (id, country_id, website) VALUES(NULL, '76', "Sulinet");
INSERT INTO policies (id, country_id, website) VALUES(NULL, '76', "Information society strategy");
INSERT INTO country (id, cont_id, name, last_updated) VALUES ('77','1', "Iceland – Republic of Iceland", 'NOW()');
INSERT INTO ministry (id, country_id, website) VALUES(NULL, '77', "\"Ministry of Education");
INSERT INTO education_portal (id, country_id, website) VALUES(NULL, '77', " Science and Culture (Icelandic / Swedish / English)\"");
INSERT INTO content (id, country_id, comments) VALUES(NULL, '77', "\"Policy for ICT in education");
INSERT INTO country (id, cont_id, name, last_updated) VALUES ('78','0', "India – Republic of India", 'NOW()');
INSERT INTO ministry (id, country_id, website) VALUES(NULL, '78', "Department of School Education & Literacy ");
INSERT INTO education_portal (id, country_id, website) VALUES(NULL, '78', "Teacher’s Portal");
INSERT INTO policies (id, country_id, website) VALUES(NULL, '78', "National Curriculum Framework for School Education in India (2000)");
INSERT INTO policies (id, country_id, website) VALUES(NULL, '78', "Draft National Policy");
INSERT INTO policies (id, country_id, website) VALUES(NULL, '78', "On Information and Communication Technology (ICT) In School Education (2009)");
INSERT INTO country (id, cont_id, name, last_updated) VALUES ('79','0', "Indonesia – Republic of Indonesia", 'NOW()');
INSERT INTO ministry (id, country_id, website) VALUES(NULL, '79', "\"Ministry of National Education (Indonesian");
INSERT INTO education_portal (id, country_id, website) VALUES(NULL, '79', " English) \"");
INSERT INTO content (id, country_id, comments) VALUES(NULL, '79', "Guidelines for the");
INSERT INTO policies (id, country_id, website) VALUES(NULL, '79', "Development and Implementation of ICT in Indonesia");
INSERT INTO policies (id, country_id, website) VALUES(NULL, '79', "TKTI - Five Year Action Plan for the development and implementation of ICTs in Indonesia (2001)");
INSERT INTO country (id, cont_id, name, last_updated) VALUES ('80','0', "Iran – Islamic Republic of Iran", 'NOW()');
INSERT INTO ministry (id, country_id, website) VALUES(NULL, '80', "Ministry of Education. Planning and Managment Development (Persian)");
INSERT INTO policies (id, country_id, website) VALUES(NULL, '80', "\"National Information and Communication Technology Agenda (TAKFA");
INSERT INTO content (id, country_id, comments) VALUES(NULL, '80', " 2002)\"");
INSERT INTO ministry (id, country_id, website) VALUES(NULL, '80', "Institute for Research and Planning in Higher Education (Persian)");
INSERT INTO country (id, cont_id, name, last_updated) VALUES ('81','0', "Iraq – Republic of Iraq", 'NOW()');
INSERT INTO ministry (id, country_id, website) VALUES(NULL, '81', "Ministry of Education (Arabic)");
INSERT INTO ministry (id, country_id, website) VALUES(NULL, '81', "Ministry of Higher Education and Scientific Research (Arabic)");
INSERT INTO country (id, cont_id, name, last_updated) VALUES ('82','1', "Ireland - Republic of Ireland", 'NOW()');
INSERT INTO ministry (id, country_id, website) VALUES(NULL, '82', "Department of Education and Science (English)");
INSERT INTO education_portal (id, country_id, website) VALUES(NULL, '82', "Teachnet ");
INSERT INTO policies (id, country_id, website) VALUES(NULL, '82', "ICT Policy in Education (2000)");
INSERT INTO content (id, country_id, comments) VALUES(NULL, '82', "Content: connectivity, infrastructure. ICT curricula");
INSERT INTO policies (id, country_id, website) VALUES(NULL, '82', "NCTE : National Centre for Technology in Education");
INSERT INTO policies (id, country_id, website) VALUES(NULL, '82', "Statement of Strategy 2005-2007 (2005)");
INSERT INTO country (id, cont_id, name, last_updated) VALUES ('83','0', "Israel – State of Israel", 'NOW()');
INSERT INTO ministry (id, country_id, website) VALUES(NULL, '83', "\"Ministry of Education");
INSERT INTO education_portal (id, country_id, website) VALUES(NULL, '83', " Culture and Sports (Hebrew / English)\"");
INSERT INTO country (id, cont_id, name, last_updated) VALUES ('84','1', "Italy – Italian Republic", 'NOW()');
INSERT INTO ministry (id, country_id, website) VALUES(NULL, '84', "Ministero di Pubblica Istruzione (Italian)");
INSERT INTO education_portal (id, country_id, website) VALUES(NULL, '84', "Ministero di Pubblica Istruzione (Italian)");
INSERT INTO policies (id, country_id, website) VALUES(NULL, '84', "Direzione Generale per i sistemi informativi (Italian)");
INSERT INTO content (id, country_id, comments) VALUES(NULL, '84', "Content: access, content, curricula and other projects");
INSERT INTO country (id, cont_id, name, last_updated) VALUES ('85','1', "Jamaica", 'NOW()');
INSERT INTO ministry (id, country_id, website) VALUES(NULL, '85', "\"Ministry of Education");
INSERT INTO education_portal (id, country_id, website) VALUES(NULL, '85', " Youth and Culture (English)\"");
INSERT INTO content (id, country_id, comments) VALUES(NULL, '85', "Draft Policy ICT in Education  (1998)");
INSERT INTO policies (id, country_id, website) VALUES(NULL, '85', "New National ICT strategy e-powering Jamaica 2007-2012 (2007)");
INSERT INTO country (id, cont_id, name, last_updated) VALUES ('86','0', "Japan", 'NOW()');
INSERT INTO ministry (id, country_id, website) VALUES(NULL, '86', "\"Ministry of Education");
INSERT INTO education_portal (id, country_id, website) VALUES(NULL, '86', " Culture");
INSERT INTO policies (id, country_id, website) VALUES(NULL, '86', " Sport");
INSERT INTO content (id, country_id, comments) VALUES(NULL, '86', " science and technology (Japanese /English)\"");
INSERT INTO policies (id, country_id, website) VALUES(NULL, '86', "e-Japan Strategy II (2003)");
INSERT INTO policies (id, country_id, website) VALUES(NULL, '86', "Several IT policy documents");
INSERT INTO country (id, cont_id, name, last_updated) VALUES ('87','0', "Jordan – Hashemite Kingdom of Jordan", 'NOW()');
INSERT INTO ministry (id, country_id, website) VALUES(NULL, '87', "Ministry of Education (Arabic) ");
INSERT INTO policies (id, country_id, website) VALUES(NULL, '87', "Jordan ICT literacy  currículo Project ");
INSERT INTO policies (id, country_id, website) VALUES(NULL, '87', "Jordan Education Initiative");
INSERT INTO policies (id, country_id, website) VALUES(NULL, '87', "REACH http://www.reach.jo/");
INSERT INTO policies (id, country_id, website) VALUES(NULL, '87', "Education Reform for Knowledge Economy Project (ERfKE)");
INSERT INTO country (id, cont_id, name, last_updated) VALUES ('88','0', "Kazakhstan – Republic of Kazakhstan", 'NOW()');
INSERT INTO ministry (id, country_id, website) VALUES(NULL, '88', "\"Ministry of Education and Science (English");
INSERT INTO education_portal (id, country_id, website) VALUES(NULL, '88', "/ Kazakh / Russian)\"");
INSERT INTO content (id, country_id, comments) VALUES(NULL, '88', "\"Agency of the Republic of Kazakhstan for Informatization & Communication (English");
INSERT INTO country (id, cont_id, name, last_updated) VALUES ('89','2', "Kenya – Republic of Kenya", 'NOW()');
INSERT INTO ministry (id, country_id, website) VALUES(NULL, '89', "Ministry of Education ");
INSERT INTO policies (id, country_id, website) VALUES(NULL, '89', "National Information & Communications Technology (ICT) Policy (2006)");
INSERT INTO content (id, country_id, comments) VALUES(NULL, '89', "Contents: Curricula, ICTs in education, content development, software, e-learning, teacher training");
INSERT INTO ministry (id, country_id, website) VALUES(NULL, '89', "\"Ministry of higher Education");
INSERT INTO education_portal (id, country_id, website) VALUES(NULL, '89', "\"");
INSERT INTO content (id, country_id, comments) VALUES(NULL, '89', "Education Sector Support Program 2005-2010 (2005)");
INSERT INTO ministry (id, country_id, website) VALUES(NULL, '89', "Science and Technology");
INSERT INTO policies (id, country_id, website) VALUES(NULL, '89', "National ICT Strategy for Education and Training (2006)");
INSERT INTO country (id, cont_id, name, last_updated) VALUES ('90','5', "Kiribati – Republic of Kiribati", 'NOW()');
INSERT INTO ministry (id, country_id, website) VALUES(NULL, '90', "Ministry of Education, Science and Technology");
INSERT INTO policies (id, country_id, website) VALUES(NULL, '90', "Ministry of Education Strategic Plan 2008 – 2011 ");
INSERT INTO content (id, country_id, comments) VALUES(NULL, '90', "Content: school infrastructure, content & curricula, ");
INSERT INTO country (id, cont_id, name, last_updated) VALUES ('91','0', "Korea<COMMA> North – Democratic People's Republic of Korea", 'NOW()');
INSERT INTO ministry (id, country_id, website) VALUES(NULL, '91', "\"Ministry of education");
INSERT INTO education_portal (id, country_id, website) VALUES(NULL, '91', " science and technology  (English / Korean)\"");
INSERT INTO policies (id, country_id, website) VALUES(NULL, '91', "KERIS (englisk/Korean / Spanish)");
INSERT INTO content (id, country_id, comments) VALUES(NULL, '91', "2008 Plan for the Promotion of Educational ICT (2008)");
INSERT INTO policies (id, country_id, website) VALUES(NULL, '91', "2006 White Paper on Educational ICT (2006)");
INSERT INTO policies (id, country_id, website) VALUES(NULL, '91', "Guidelines for ICT Utilization in Elementary and Middle Schools");
INSERT INTO country (id, cont_id, name, last_updated) VALUES ('92','0', "Kuwait – State of Kuwait", 'NOW()');
INSERT INTO ministry (id, country_id, website) VALUES(NULL, '92', "Ministry of Education (Arabic)");
INSERT INTO ministry (id, country_id, website) VALUES(NULL, '92', "Ministry of Higher Education (Arabic)");
INSERT INTO country (id, cont_id, name, last_updated) VALUES ('93','0', "Kyrgyzstan – Kyrgyz Republic", 'NOW()');
INSERT INTO ministry (id, country_id, website) VALUES(NULL, '93', "Ministry of Education and Science ");
INSERT INTO policies (id, country_id, website) VALUES(NULL, '93', "National Strategy Information and Communication");
INSERT INTO content (id, country_id, comments) VALUES(NULL, '93', "Content: ICT training, distance education");
INSERT INTO policies (id, country_id, website) VALUES(NULL, '93', "Technologies for Development in the Kyrgyz Republic (2001)");
INSERT INTO country (id, cont_id, name, last_updated) VALUES ('94','0', "Laos – Lao People's Democratic Republic", 'NOW()');
INSERT INTO ministry (id, country_id, website) VALUES(NULL, '94', "Ministry of Education (laotian / english)");
INSERT INTO policies (id, country_id, website) VALUES(NULL, '94', "Education for All National Plan of Action 2003-2015");
INSERT INTO content (id, country_id, comments) VALUES(NULL, '94', "Content: ICT training, ");
INSERT INTO policies (id, country_id, website) VALUES(NULL, '94', "National Education System - ");
INSERT INTO policies (id, country_id, website) VALUES(NULL, '94', "Reform Strategy 2006-2015 (laotian)");
INSERT INTO policies (id, country_id, website) VALUES(NULL, '94', "Education Law 2008");
INSERT INTO country (id, cont_id, name, last_updated) VALUES ('95','1', "Latvia – Republic of Latvia", 'NOW()');
INSERT INTO ministry (id, country_id, website) VALUES(NULL, '95', "Ministry of Education and Science (Latvian / english)");
INSERT INTO policies (id, country_id, website) VALUES(NULL, '95', "\"Latvia National development Plan 2007-2013 (2006");
INSERT INTO content (id, country_id, comments) VALUES(NULL, '95', " Latvian / english / russian)\"");
INSERT INTO country (id, cont_id, name, last_updated) VALUES ('96','0', "Lebanon – Republic of Lebanon", 'NOW()');
INSERT INTO ministry (id, country_id, website) VALUES(NULL, '96', "Ministry of Education (Arabic)");
INSERT INTO policies (id, country_id, website) VALUES(NULL, '96', "\"The National eStrategy for Lebanon");
INSERT INTO content (id, country_id, comments) VALUES(NULL, '96', " Document 4: The ICT Policies and the Seven Initiatives (2003)\"");
INSERT INTO ministry (id, country_id, website) VALUES(NULL, '96', "Ministry of Higher Education  (Arabic / English) ");
INSERT INTO policies (id, country_id, website) VALUES(NULL, '96', "Educational development project (arabic)");
INSERT INTO country (id, cont_id, name, last_updated) VALUES ('97','2', "Lesotho – Kingdom of Lesotho", 'NOW()');
INSERT INTO ministry (id, country_id, website) VALUES(NULL, '97', "Ministry of Education and Training");
INSERT INTO policies (id, country_id, website) VALUES(NULL, '97', "Lesotho ICT Policy (2005)");
INSERT INTO content (id, country_id, comments) VALUES(NULL, '97', "Content: ICT awareness & computer literacy, school infrastructure, distance education, curricula, standards");
INSERT INTO country (id, cont_id, name, last_updated) VALUES ('98','2', "Liberia – Republic of Liberia", 'NOW()');
INSERT INTO ministry (id, country_id, website) VALUES(NULL, '98', "Ministry of education (outdated)");
INSERT INTO policies (id, country_id, website) VALUES(NULL, '98', "E-Liberia: Vision 2010 (being developed)");
INSERT INTO content (id, country_id, comments) VALUES(NULL, '98', "Content: infrastructure, curricula");
INSERT INTO policies (id, country_id, website) VALUES(NULL, '98', "National Telecom Policy and Strategy (2006)");
INSERT INTO country (id, cont_id, name, last_updated) VALUES ('99','2', "Libya – Great Socialist People's Libyan Arab Jamahiriya", 'NOW()');
INSERT INTO ministry (id, country_id, website) VALUES(NULL, '99', "Ministry of Education (Arabic)");
INSERT INTO policies (id, country_id, website) VALUES(NULL, '99', "National policy for ICT in education");
INSERT INTO country (id, cont_id, name, last_updated) VALUES ('100','1', "Liechtenstein – Principality of Liechtenstein", 'NOW()');
INSERT INTO ministry (id, country_id, website) VALUES(NULL, '100', "Office of Education (German)");
INSERT INTO policies (id, country_id, website) VALUES(NULL, '100', "\"Arbeitsstelle Schulinformatik (assi");
INSERT INTO content (id, country_id, comments) VALUES(NULL, '100', " german");
INSERT INTO country (id, cont_id, name, last_updated) VALUES ('101','1', "Lithuania – Republic of Lithuania", 'NOW()');
INSERT INTO ministry (id, country_id, website) VALUES(NULL, '101', "Ministry of Education and Science (Lithuanian/English)");
INSERT INTO policies (id, country_id, website) VALUES(NULL, '101', "National education strategy 2003-2012 (2003)");
INSERT INTO content (id, country_id, comments) VALUES(NULL, '101', "Content: school infrastructure, distance education, curricula");
INSERT INTO country (id, cont_id, name, last_updated) VALUES ('102','1', "Luxembourg – Grand Duchy of Luxembourg", 'NOW()');
INSERT INTO ministry (id, country_id, website) VALUES(NULL, '102', "Ministère de l’éducation nationale et de la formation professionnelle (French)");
INSERT INTO education_portal (id, country_id, website) VALUES(NULL, '102', "Myschool");
INSERT INTO policies (id, country_id, website) VALUES(NULL, '102', "Several resources and plans (French) ");
INSERT INTO ministry (id, country_id, website) VALUES(NULL, '102', "Service de coordination de la recherche et de l\'innovation pédagogiques et technologiques (French)");
INSERT INTO country (id, cont_id, name, last_updated) VALUES ('103','1', "Macedonia – Republic of Macedonia", 'NOW()');
INSERT INTO ministry (id, country_id, website) VALUES(NULL, '103', "Ministry of Education and Science (Macedonian)");
INSERT INTO policies (id, country_id, website) VALUES(NULL, '103', "National strategy for information society development and action plan (2005)");
INSERT INTO content (id, country_id, comments) VALUES(NULL, '103', "Content: standards, legal framework, educational infrastructure, ICT staff and ICT literacy and contents");
INSERT INTO country (id, cont_id, name, last_updated) VALUES ('104','2', "Madagascar – Republic of Madagascar", 'NOW()');
INSERT INTO ministry (id, country_id, website) VALUES(NULL, '104', "Ministère de l\'Enseignement Secondaire et de l\'Education de Base (French)");
INSERT INTO policies (id, country_id, website) VALUES(NULL, '104', "\"Politique Nationale des Technologies de l\'Information et de la Communication pour le Développement - (PNTIC-D");
INSERT INTO content (id, country_id, comments) VALUES(NULL, '104', " French");
INSERT INTO ministry (id, country_id, website) VALUES(NULL, '104', "\"MESupReS");
INSERT INTO education_portal (id, country_id, website) VALUES(NULL, '104', " Ministère de l’Enseignement Supérieur et de la Recherche Scientifique. (French)\"");
INSERT INTO country (id, cont_id, name, last_updated) VALUES ('105','2', "Malawi – Republic of Malawi", 'NOW()');
INSERT INTO ministry (id, country_id, website) VALUES(NULL, '105', "Ministry of Education ");
INSERT INTO policies (id, country_id, website) VALUES(NULL, '105', "Integrated Socio-Economic and ICT Policy and Plan Development Framework");
INSERT INTO content (id, country_id, comments) VALUES(NULL, '105', "Contents: modernization, training and ICT literacy.");
INSERT INTO policies (id, country_id, website) VALUES(NULL, '105', "Education Policy (2003)");
INSERT INTO policies (id, country_id, website) VALUES(NULL, '105', "Malawi National ICT for Development Policy (2006)");
INSERT INTO country (id, cont_id, name, last_updated) VALUES ('106','0', "Malaysia", 'NOW()');
INSERT INTO ministry (id, country_id, website) VALUES(NULL, '106', "Ministry of Education (English/ Melayu) ");
INSERT INTO policies (id, country_id, website) VALUES(NULL, '106', "\"8th Plan ");
INSERT INTO content (id, country_id, comments) VALUES(NULL, '106', " midterm revision \"");
INSERT INTO policies (id, country_id, website) VALUES(NULL, '106', "Center for the Research and Support of Educational Practice");
INSERT INTO policies (id, country_id, website) VALUES(NULL, '106', "The Smart School (2005)");
INSERT INTO policies (id, country_id, website) VALUES(NULL, '106', "ICT in Malaysian Schools: Policy and Strategies (2002)");
INSERT INTO country (id, cont_id, name, last_updated) VALUES ('107','0', "Maldives – Republic of Maldives", 'NOW()');
INSERT INTO ministry (id, country_id, website) VALUES(NULL, '107', "Ministry of Education (English / Divehi)");
INSERT INTO policies (id, country_id, website) VALUES(NULL, '107', "Science and Technology Master Plan (2001)");
INSERT INTO content (id, country_id, comments) VALUES(NULL, '107', "Note: launched project “a laptop for every teacher”(8/09)");
INSERT INTO country (id, cont_id, name, last_updated) VALUES ('108','2', "Mali – Republic of Mali", 'NOW()');
INSERT INTO ministry (id, country_id, website) VALUES(NULL, '108', "\"Ministre de L’Education de Base");
INSERT INTO education_portal (id, country_id, website) VALUES(NULL, '108', " de L’Alphabétisation et des Langues Nationales (French)\"");
INSERT INTO content (id, country_id, comments) VALUES(NULL, '108', "NICI Policy and Plan");
INSERT INTO policies (id, country_id, website) VALUES(NULL, '108', "ICT Policy (2007)");
INSERT INTO country (id, cont_id, name, last_updated) VALUES ('109','1', "Malta – Republic of Malta", 'NOW()');
INSERT INTO ministry (id, country_id, website) VALUES(NULL, '109', "Ministry of Education ");
INSERT INTO education_portal (id, country_id, website) VALUES(NULL, '109', "Ministry of Education");
INSERT INTO policies (id, country_id, website) VALUES(NULL, '109', "National Reform programme");
INSERT INTO content (id, country_id, comments) VALUES(NULL, '109', "Year: 2005");
INSERT INTO content (id, country_id, comments) VALUES(NULL, '109', "Content: curricula, infrastructure, training, inclusion");
INSERT INTO policies (id, country_id, website) VALUES(NULL, '109', "National ICT Strategy 2008-2010");
INSERT INTO country (id, cont_id, name, last_updated) VALUES ('110','2', "Mauritania – Islamic Republic of Mauritania", 'NOW()');
INSERT INTO ministry (id, country_id, website) VALUES(NULL, '110', "Ministère de l\'Education Nationale (french)");
INSERT INTO policies (id, country_id, website) VALUES(NULL, '110', "\"National Program for the development of the educational sector 2001-2010 (French");
INSERT INTO content (id, country_id, comments) VALUES(NULL, '110', " 2001)\"");
INSERT INTO ministry (id, country_id, website) VALUES(NULL, '110', "Ministère de l\'Enseigement supérieur");
INSERT INTO policies (id, country_id, website) VALUES(NULL, '110', "\"Plan de development de l\'Infrastructure nationale d\'Information et de Communication 1999-2002 (French");
INSERT INTO content (id, country_id, comments) VALUES(NULL, '110', " 2000)\"");
INSERT INTO ministry (id, country_id, website) VALUES(NULL, '110', " (French)");
INSERT INTO country (id, cont_id, name, last_updated) VALUES ('111','2', "Mauritius – Republic of Mauritius", 'NOW()');
INSERT INTO ministry (id, country_id, website) VALUES(NULL, '111', "\"Ministry of Education");
INSERT INTO education_portal (id, country_id, website) VALUES(NULL, '111', " Culture & Human Resources\"");
INSERT INTO content (id, country_id, comments) VALUES(NULL, '111', "Universal ICT education Programme");
INSERT INTO policies (id, country_id, website) VALUES(NULL, '111', "Education & Human Resources Strategy Plan (2008-2020)");
INSERT INTO policies (id, country_id, website) VALUES(NULL, '111', "National IT Strategy Plan 2007-2011");
INSERT INTO country (id, cont_id, name, last_updated) VALUES ('112','3', "Mexico – United Mexican States", 'NOW()');
INSERT INTO ministry (id, country_id, website) VALUES(NULL, '112', "Secretaria de Educacion Pública (spanish) ");
INSERT INTO education_portal (id, country_id, website) VALUES(NULL, '112', "Se piensa (Spanish)");
INSERT INTO policies (id, country_id, website) VALUES(NULL, '112', "\"e-mexico (Maya");
INSERT INTO content (id, country_id, comments) VALUES(NULL, '112', " Spanish");
INSERT INTO education_portal (id, country_id, website) VALUES(NULL, '112', "Enciclomedia (Spanish)");
INSERT INTO policies (id, country_id, website) VALUES(NULL, '112', "\"MoE Programme 2007-2015 (2008");
INSERT INTO content (id, country_id, comments) VALUES(NULL, '112', " spanish)\"");
INSERT INTO country (id, cont_id, name, last_updated) VALUES ('113','5', "Micronesia – Federated States of Micronesia", 'NOW()');
INSERT INTO ministry (id, country_id, website) VALUES(NULL, '113', "Department of Education ");
INSERT INTO policies (id, country_id, website) VALUES(NULL, '113', "National ICT Plan (under development)");
INSERT INTO country (id, cont_id, name, last_updated) VALUES ('114','1', "Moldova – Republic of Moldova", 'NOW()');
INSERT INTO ministry (id, country_id, website) VALUES(NULL, '114', "\"Ministry of Education and Youth (Romanian");
INSERT INTO education_portal (id, country_id, website) VALUES(NULL, '114', " / English / Russian)\"");
INSERT INTO content (id, country_id, comments) VALUES(NULL, '114', "Presidential program ");
INSERT INTO policies (id, country_id, website) VALUES(NULL, '114', "Consolidated action Plan for the educational sector 2006-2008");
INSERT INTO country (id, cont_id, name, last_updated) VALUES ('115','1', "Monaco – Principality of Monaco", 'NOW()');
INSERT INTO ministry (id, country_id, website) VALUES(NULL, '115', "\"Direction de l\'Education Nationale");
INSERT INTO education_portal (id, country_id, website) VALUES(NULL, '115', " de la Jeunesse et des Sports (French)\"");
INSERT INTO country (id, cont_id, name, last_updated) VALUES ('116','0', "Mongolia", 'NOW()');
INSERT INTO ministry (id, country_id, website) VALUES(NULL, '116', "\"Ministry of Education");
INSERT INTO education_portal (id, country_id, website) VALUES(NULL, '116', " Culture and Science (Mongolian) \"");
INSERT INTO policies (id, country_id, website) VALUES(NULL, '116', "Mongol educational portal (mongolian)");
INSERT INTO content (id, country_id, comments) VALUES(NULL, '116', "e-Mongolia National Programme");
INSERT INTO policies (id, country_id, website) VALUES(NULL, '116', "Plan of action ICT development in Mongolia (2000)");
INSERT INTO policies (id, country_id, website) VALUES(NULL, '116', "\"National IT Policy (2006");
INSERT INTO content (id, country_id, comments) VALUES(NULL, '116', " Mongolian/English)\"");
INSERT INTO country (id, cont_id, name, last_updated) VALUES ('117','1', "Montenegro – Republic of Montenegro", 'NOW()');
INSERT INTO ministry (id, country_id, website) VALUES(NULL, '117', "Ministry of Education and Science of Montenegro (Serbian / English)");
INSERT INTO policies (id, country_id, website) VALUES(NULL, '117', "Main Project on Education Information System of Montenegro (2004)");
INSERT INTO content (id, country_id, comments) VALUES(NULL, '117', "Content: curricula, teacher training, infrastructure, software development, applications");
INSERT INTO country (id, cont_id, name, last_updated) VALUES ('118','2', "Morocco – Kingdom of Morocco", 'NOW()');
INSERT INTO ministry (id, country_id, website) VALUES(NULL, '118', "\"MINISTERE de l\' Education Nationale");
INSERT INTO education_portal (id, country_id, website) VALUES(NULL, '118', " de l\' Enseignement Supérieur");
INSERT INTO policies (id, country_id, website) VALUES(NULL, '118', " de la Formation des Cadres et de la Recherche Scientifique (French/Arabic)\"");
INSERT INTO policies (id, country_id, website) VALUES(NULL, '118', "\" e-Maroc 2010 (2007");
INSERT INTO content (id, country_id, comments) VALUES(NULL, '118', " French)\"");
INSERT INTO country (id, cont_id, name, last_updated) VALUES ('119','2', "Mozambique – Republic of Mozambique", 'NOW()');
INSERT INTO ministry (id, country_id, website) VALUES(NULL, '119', "Ministério da Educação e Cultura (Portuguese)  ");
INSERT INTO policies (id, country_id, website) VALUES(NULL, '119', "\"Information and Communication Technology (ICT) Policy  - implementation strategy (2002");
INSERT INTO content (id, country_id, comments) VALUES(NULL, '119', " Portuguese)\"");
INSERT INTO policies (id, country_id, website) VALUES(NULL, '119', "Education Sector Strategic Plan Ii 2006-2011 (2004)");
INSERT INTO policies (id, country_id, website) VALUES(NULL, '119', "\"IT Policy (2000");
INSERT INTO content (id, country_id, comments) VALUES(NULL, '119', " Portuguese)\"");
INSERT INTO country (id, cont_id, name, last_updated) VALUES ('120','0', "Myanmar – Union of Myanmar", 'NOW()');
INSERT INTO ministry (id, country_id, website) VALUES(NULL, '120', "Ministry of Education  (Myanmar)");
INSERT INTO policies (id, country_id, website) VALUES(NULL, '120', "30-year long-term national education promotion plan (2001)");
INSERT INTO content (id, country_id, comments) VALUES(NULL, '120', "Content: infrastructure, ICT teaching and multimedia, teacher training");
INSERT INTO country (id, cont_id, name, last_updated) VALUES ('121','0', "Nagorno-Karabakh – Nagorno-Karabakh Republic", 'NOW()');
INSERT INTO ministry (id, country_id, website) VALUES(NULL, '121', "Ministry Of Education and Science");
INSERT INTO country (id, cont_id, name, last_updated) VALUES ('122','2', "Namibia – Republic of Namibia", 'NOW()');
INSERT INTO ministry (id, country_id, website) VALUES(NULL, '122', "Ministry of Education");
INSERT INTO policies (id, country_id, website) VALUES(NULL, '122', "Namibian ICT Policy for Education 2005 (2005)");
INSERT INTO content (id, country_id, comments) VALUES(NULL, '122', "Very complete policy.");
INSERT INTO content (id, country_id, comments) VALUES(NULL, '122', "Contents: Curricula, distance training teacher training, infrastructure, content. ");
INSERT INTO policies (id, country_id, website) VALUES(NULL, '122', "ICTs in Education initiative: Tech-Na! ");
INSERT INTO policies (id, country_id, website) VALUES(NULL, '122', "ETSIP: Information Communication Technology (ICT) in Education");
INSERT INTO country (id, cont_id, name, last_updated) VALUES ('123','5', "Nauru – Republic of Nauru", 'NOW()');
INSERT INTO ministry (id, country_id, website) VALUES(NULL, '123', "Department of Education");
INSERT INTO policies (id, country_id, website) VALUES(NULL, '123', "Education Strategic Plan 2005 - 2006 (2005)");
INSERT INTO content (id, country_id, comments) VALUES(NULL, '123', "Content: ict facilities, curricula, teacher training, partnerships, ");
INSERT INTO country (id, cont_id, name, last_updated) VALUES ('124','0', "Nepal – State of Nepal", 'NOW()');
INSERT INTO ministry (id, country_id, website) VALUES(NULL, '124', "Ministry of Education and Sports (English/Nepali) ");
INSERT INTO policies (id, country_id, website) VALUES(NULL, '124', "National ICT Policy & Action Plan");
INSERT INTO content (id, country_id, comments) VALUES(NULL, '124', "Contents: Curricula, infrastructure");
INSERT INTO policies (id, country_id, website) VALUES(NULL, '124', "School Sector Reform Plan 2009-2015");
INSERT INTO policies (id, country_id, website) VALUES(NULL, '124', "ICT Master Plan");
INSERT INTO country (id, cont_id, name, last_updated) VALUES ('125','1', "Netherlands – Kingdom of the Netherlands", 'NOW()');
INSERT INTO ministry (id, country_id, website) VALUES(NULL, '125', "Ministry of education and Culture (Dutch/English)");
INSERT INTO education_portal (id, country_id, website) VALUES(NULL, '125', "Kennisnet");
INSERT INTO policies (id, country_id, website) VALUES(NULL, '125', "National ICT Policy (dutch)");
INSERT INTO content (id, country_id, comments) VALUES(NULL, '125', "Year: 2006");
INSERT INTO policies (id, country_id, website) VALUES(NULL, '125', "ICTs in Education Policy and Plans  (dutch)");
INSERT INTO country (id, cont_id, name, last_updated) VALUES ('126','5', "New Zealand", 'NOW()');
INSERT INTO ministry (id, country_id, website) VALUES(NULL, '126', "Ministry of Education (English/Maori) ");
INSERT INTO education_portal (id, country_id, website) VALUES(NULL, '126', "Te kete Ipurangi (English / maori)");
INSERT INTO policies (id, country_id, website) VALUES(NULL, '126', "ICT in schools , ICT strategy and related docs (2006)");
INSERT INTO content (id, country_id, comments) VALUES(NULL, '126', "Content: connectivity, computers, distance learning, online content, software");
INSERT INTO country (id, cont_id, name, last_updated) VALUES ('127','5', "Nicaragua – Republic of Nicaragua", 'NOW()');
INSERT INTO ministry (id, country_id, website) VALUES(NULL, '127', "Ministerio de Educación (Spanish)");
INSERT INTO education_portal (id, country_id, website) VALUES(NULL, '127', "Portal Educativo (Spanish)");
INSERT INTO policies (id, country_id, website) VALUES(NULL, '127', "\"Ministerio de Educación");
INSERT INTO content (id, country_id, comments) VALUES(NULL, '127', " Comisión Nacional de Tecnología de la Información y Comunicación en la Educación (in spanish)\"");
INSERT INTO education_portal (id, country_id, website) VALUES(NULL, '127', "Ceducar (spanish)");
INSERT INTO policies (id, country_id, website) VALUES(NULL, '127', "Normativa para el funcionamiento de aulas con TIC");
INSERT INTO policies (id, country_id, website) VALUES(NULL, '127', "\"(2008");
INSERT INTO content (id, country_id, comments) VALUES(NULL, '127', " spanish)\"");
INSERT INTO policies (id, country_id, website) VALUES(NULL, '127', "Plan Nacional de Educación 2001 – 2015");
INSERT INTO country (id, cont_id, name, last_updated) VALUES ('128','2', "Niger – Republic of Niger", 'NOW()');
INSERT INTO ministry (id, country_id, website) VALUES(NULL, '128', "Ministère de l’Education Nationale (site not found)");
INSERT INTO policies (id, country_id, website) VALUES(NULL, '128', "Délégué Général à l\'Informatique (DELGI) http://www.delgi.ne/ (does not work)");
INSERT INTO country (id, cont_id, name, last_updated) VALUES ('129','2', "Nigeria – Federal Republic of Nigeria", 'NOW()');
INSERT INTO ministry (id, country_id, website) VALUES(NULL, '129', "Federal Ministry of Education ");
INSERT INTO policies (id, country_id, website) VALUES(NULL, '129', "Nigerian National Policy for Information Technology (IT) \'Use IT\'  (2001)");
INSERT INTO content (id, country_id, comments) VALUES(NULL, '129', "Content: ICTs in curricula, tele-education, teacher training and certification, EMIS, cheap equipment");
INSERT INTO policies (id, country_id, website) VALUES(NULL, '129', "Education Plan (2007) ");
INSERT INTO country (id, cont_id, name, last_updated) VALUES ('130','1', "Norway – Kingdom of Norway", 'NOW()');
INSERT INTO ministry (id, country_id, website) VALUES(NULL, '130', "\"Ministry of Education and Research (Nyrosk");
INSERT INTO education_portal (id, country_id, website) VALUES(NULL, '130', " Bokmal");
INSERT INTO policies (id, country_id, website) VALUES(NULL, '130', " Sami");
INSERT INTO content (id, country_id, comments) VALUES(NULL, '130', " English) \"");
INSERT INTO policies (id, country_id, website) VALUES(NULL, '130', "e-Norway action plan");
INSERT INTO policies (id, country_id, website) VALUES(NULL, '130', "Program for digital Competence (2004-2008)");
INSERT INTO country (id, cont_id, name, last_updated) VALUES ('131','0', "Oman – Sultanate of Oman", 'NOW()');
INSERT INTO ministry (id, country_id, website) VALUES(NULL, '131', "Ministry of Higher Education (Arabic)");
INSERT INTO education_portal (id, country_id, website) VALUES(NULL, '131', "Educational Portal (Arabic/english)");
INSERT INTO policies (id, country_id, website) VALUES(NULL, '131', "Oman Digital Society Report 2006");
INSERT INTO content (id, country_id, comments) VALUES(NULL, '131', "Teacher training, e-education, education portal");
INSERT INTO ministry (id, country_id, website) VALUES(NULL, '131', "Ministry of Education (Arabic / english)");
INSERT INTO country (id, cont_id, name, last_updated) VALUES ('132','0', "Pakistan – Islamic Republic of Pakistan", 'NOW()');
INSERT INTO ministry (id, country_id, website) VALUES(NULL, '132', "Ministry of Education ");
INSERT INTO policies (id, country_id, website) VALUES(NULL, '132', "National Education Policy 2009 (2009)");
INSERT INTO content (id, country_id, comments) VALUES(NULL, '132', "Content: rural school connectivity, ICT  training, electronic libraries, infrastructure and telecommunications, software, teacher training in ICTs, etc. ");
INSERT INTO policies (id, country_id, website) VALUES(NULL, '132', "National Information and Communication Technology Strategy for Education in Pakistan (2007)");
INSERT INTO policies (id, country_id, website) VALUES(NULL, '132', "IT Policy and Action Plan  (2000)");
INSERT INTO country (id, cont_id, name, last_updated) VALUES ('133','5', "Palau – Republic of Palau", 'NOW()');
INSERT INTO ministry (id, country_id, website) VALUES(NULL, '133', "Ministry of Education ");
INSERT INTO policies (id, country_id, website) VALUES(NULL, '133', "Technology Plan (website)");
INSERT INTO content (id, country_id, comments) VALUES(NULL, '133', "Content: school connectivity, software, multimedia, infrastructure, integration into curricula");
INSERT INTO country (id, cont_id, name, last_updated) VALUES ('134','0', "Palestine – proposed State of Palestine", 'NOW()');
INSERT INTO ministry (id, country_id, website) VALUES(NULL, '134', "Ministry of Education & Higher Education (MOEHE) (Arabic)");
INSERT INTO policies (id, country_id, website) VALUES(NULL, '134', "Palestinian Educational Initiative (English/Arabic)");
INSERT INTO content (id, country_id, comments) VALUES(NULL, '134', "Content: infrastructure, connectivity, portal, equipment, software");
INSERT INTO country (id, cont_id, name, last_updated) VALUES ('135','0', "Panama – Republic of Panama", 'NOW()');
INSERT INTO ministry (id, country_id, website) VALUES(NULL, '135', "Ministerio de Educación (Spanish)");
INSERT INTO education_portal (id, country_id, website) VALUES(NULL, '135', "Educa Panama  (Spanish)");
INSERT INTO education_portal (id, country_id, website) VALUES(NULL, '135', "Ceducar (spanish)");
INSERT INTO country (id, cont_id, name, last_updated) VALUES ('136','5', "Papua New Guinea – Independent State of Papua New Guinea", 'NOW()');
INSERT INTO ministry (id, country_id, website) VALUES(NULL, '136', "Department of Education (English)");
INSERT INTO policies (id, country_id, website) VALUES(NULL, '136', "Curriculum Reform Implementation Project (English)");
INSERT INTO country (id, cont_id, name, last_updated) VALUES ('137','4', "Paraguay – Republic of Paraguay", 'NOW()');
INSERT INTO ministry (id, country_id, website) VALUES(NULL, '137', "Ministerio de Educación y Cultura (Spanish / Guarani)");
INSERT INTO education_portal (id, country_id, website) VALUES(NULL, '137', "Portal educativo Arandu rape  (Spanish / Guarani)");
INSERT INTO policies (id, country_id, website) VALUES(NULL, '137', "Paraguay 2020?");
INSERT INTO content (id, country_id, comments) VALUES(NULL, '137', "Content: infrastructure, content and teacher training");
INSERT INTO policies (id, country_id, website) VALUES(NULL, '137', "\"Plan de tecnología (2009");
INSERT INTO content (id, country_id, comments) VALUES(NULL, '137', " Spanish)\"");
INSERT INTO policies (id, country_id, website) VALUES(NULL, '137', "Plan Ñanduti (2003-2015)");
INSERT INTO country (id, cont_id, name, last_updated) VALUES ('138','4', "Peru – Republic of Peru", 'NOW()');
INSERT INTO ministry (id, country_id, website) VALUES(NULL, '138', "Ministerio de educación (Spanish)");
INSERT INTO education_portal (id, country_id, website) VALUES(NULL, '138', "Huascaran (Spanish)");
INSERT INTO policies (id, country_id, website) VALUES(NULL, '138', "\"Proyecto Huascarán (Spanish");
INSERT INTO content (id, country_id, comments) VALUES(NULL, '138', " 2005)\"");
INSERT INTO policies (id, country_id, website) VALUES(NULL, '138', "Strategic Plan MoE 2007-2011 (spanish)");
INSERT INTO education_portal (id, country_id, website) VALUES(NULL, '138', "Peru educa (spanish)");
INSERT INTO policies (id, country_id, website) VALUES(NULL, '138', "Plan del desarrollo de la sociedad de la información (Spanish)");
INSERT INTO country (id, cont_id, name, last_updated) VALUES ('139','0', "Philippines – Republic of the Philippines", 'NOW()');
INSERT INTO ministry (id, country_id, website) VALUES(NULL, '139', "Department of Education ");
INSERT INTO education_portal (id, country_id, website) VALUES(NULL, '139', "iSchools-CeC");
INSERT INTO policies (id, country_id, website) VALUES(NULL, '139', "ICTs For education");
INSERT INTO content (id, country_id, comments) VALUES(NULL, '139', "Content: infrastructure, teacher training, ICT training, content development & access, curriculum");
INSERT INTO policies (id, country_id, website) VALUES(NULL, '139', "National Framework Plan for ICTs in Basic Education (2004)");
INSERT INTO policies (id, country_id, website) VALUES(NULL, '139', "I.T. Action Agenda for the 21st Century (1997)");
INSERT INTO policies (id, country_id, website) VALUES(NULL, '139', "Strategic Roadmap for the ICT Sector (2006)");
INSERT INTO policies (id, country_id, website) VALUES(NULL, '139', "Draft ICT4E strategic Plan (2008)");
INSERT INTO country (id, cont_id, name, last_updated) VALUES ('140','1', "Poland – Republic of Poland", 'NOW()');
INSERT INTO ministry (id, country_id, website) VALUES(NULL, '140', "Ministry of National Education (Polish / English)");
INSERT INTO policies (id, country_id, website) VALUES(NULL, '140', "ePoland – Strategy for the Information Society");
INSERT INTO content (id, country_id, comments) VALUES(NULL, '140', "Content: new teaching techniques, programs to equip schools with computers, teacher and librarian training, rules of teaching applications, development of education and remote learning systems, acquiring of communication technologies, development of communication-related occupations.");
INSERT INTO policies (id, country_id, website) VALUES(NULL, '140', "\"Development in Poland");
INSERT INTO content (id, country_id, comments) VALUES(NULL, '140', " 2004-2006 (2003)\"");
INSERT INTO policies (id, country_id, website) VALUES(NULL, '140', "Strategy for Development of Information Technology in Poland until 2013 (in Polish / in english)");
INSERT INTO country (id, cont_id, name, last_updated) VALUES ('141','1', "Portugal – Portuguese Republic", 'NOW()');
INSERT INTO ministry (id, country_id, website) VALUES(NULL, '141', "Ministério da Educação  (Portuguese)");
INSERT INTO education_portal (id, country_id, website) VALUES(NULL, '141', "MaisEscola.pt (Portuguese, under development)");
INSERT INTO policies (id, country_id, website) VALUES(NULL, '141', "\"Plano Tecnológico da Educação (2007");
INSERT INTO policies (id, country_id, website) VALUES(NULL, '141', "Sistema de Formação e de Certificação em Competências TIC (July 09)");
INSERT INTO content (id, country_id, comments) VALUES(NULL, '141', " Portuguese)\"");
INSERT INTO ministry (id, country_id, website) VALUES(NULL, '141', "\"Ministry of Science");
INSERT INTO education_portal (id, country_id, website) VALUES(NULL, '141', " Technology and Higher Education (Portuguese)\"");
INSERT INTO content (id, country_id, comments) VALUES(NULL, '141', "Iniciativa para generalização da utilização de computadores e Internet (Portuguese)");
INSERT INTO country (id, cont_id, name, last_updated) VALUES ('142','0', "Qatar – State of Qatar", 'NOW()');
INSERT INTO ministry (id, country_id, website) VALUES(NULL, '142', "Ministry of education  (Arabic / english) ");
INSERT INTO education_portal (id, country_id, website) VALUES(NULL, '142', "Knowledge net");
INSERT INTO policies (id, country_id, website) VALUES(NULL, '142', "e-education");
INSERT INTO content (id, country_id, comments) VALUES(NULL, '142', "Content: Curricula, digital content");
INSERT INTO policies (id, country_id, website) VALUES(NULL, '142', "National ICT Strategy and Masterplan (2006)");
INSERT INTO education_portal (id, country_id, website) VALUES(NULL, '142', "e-learning portal ");
INSERT INTO policies (id, country_id, website) VALUES(NULL, '142', "e-Education Projects");
INSERT INTO policies (id, country_id, website) VALUES(NULL, '142', "\"ICT Quatar (website");
INSERT INTO content (id, country_id, comments) VALUES(NULL, '142', " arab/english)\"");
INSERT INTO country (id, cont_id, name, last_updated) VALUES ('143','1', "Romania", 'NOW()');
INSERT INTO ministry (id, country_id, website) VALUES(NULL, '143', "\"Ministry of education");
INSERT INTO education_portal (id, country_id, website) VALUES(NULL, '143', " research and youth (Romanian)\"");
INSERT INTO content (id, country_id, comments) VALUES(NULL, '143', "National Strategy for the New Economy and the Implementation of the Information Society (2002)");
INSERT INTO policies (id, country_id, website) VALUES(NULL, '143', "ICT laws and regulations (Romanian) ");
INSERT INTO policies (id, country_id, website) VALUES(NULL, '143', "Sistem Educaţional Informatizat (Romanian)");
INSERT INTO country (id, cont_id, name, last_updated) VALUES ('144','1', "Russia – Russian Federation", 'NOW()');
INSERT INTO ministry (id, country_id, website) VALUES(NULL, '144', "Federal Ministry of Education and Science (Russian)");
INSERT INTO education_portal (id, country_id, website) VALUES(NULL, '144', "Auditorium (russian)");
INSERT INTO policies (id, country_id, website) VALUES(NULL, '144', "E-Learning Policy (2003)");
INSERT INTO policies (id, country_id, website) VALUES(NULL, '144', "\" (2001");
INSERT INTO policies (id, country_id, website) VALUES(NULL, '144', "Education Modernization Program");
INSERT INTO content (id, country_id, comments) VALUES(NULL, '144', "Content: connectivity, maintenance, ICT skills. Very comprehensive document.");
INSERT INTO content (id, country_id, comments) VALUES(NULL, '144', " Russian)\"");
INSERT INTO country (id, cont_id, name, last_updated) VALUES ('145','2', "Rwanda", 'NOW()');
INSERT INTO ministry (id, country_id, website) VALUES(NULL, '145', "Ministry of Education (English/ French/ Kirnyarwanda) ");
INSERT INTO policies (id, country_id, website) VALUES(NULL, '145', "An Integrated ICT-led Socio-Economic Development Policy and Plan for Rwanda 2001-2005");
INSERT INTO content (id, country_id, comments) VALUES(NULL, '145', "Content: school equipment, curricula, teacher training, OLPC for primary children");
INSERT INTO policies (id, country_id, website) VALUES(NULL, '145', "Education Sector Strategic Plan 2008-2012 (2008)");
INSERT INTO content (id, country_id, comments) VALUES(NULL, '145', "Note: the ICT4E strategic plan is currently under development (nov 09)");
INSERT INTO policies (id, country_id, website) VALUES(NULL, '145', "National ICT Policy (2000)");
INSERT INTO policies (id, country_id, website) VALUES(NULL, '145', "NICI Plans");
INSERT INTO country (id, cont_id, name, last_updated) VALUES ('146','2', "Saint Lucia", 'NOW()');
INSERT INTO ministry (id, country_id, website) VALUES(NULL, '146', "\"Ministry of Education");
INSERT INTO education_portal (id, country_id, website) VALUES(NULL, '146', " Human Resource Development");
INSERT INTO policies (id, country_id, website) VALUES(NULL, '146', " Youth and Sports (English)\"");
INSERT INTO policies (id, country_id, website) VALUES(NULL, '146', "Workplan 2004-2005");
INSERT INTO policies (id, country_id, website) VALUES(NULL, '146', "Draft policy for the integration of ICT in the education system");
INSERT INTO country (id, cont_id, name, last_updated) VALUES ('147','2', "Saint Vincent and the Grenadines", 'NOW()');
INSERT INTO ministry (id, country_id, website) VALUES(NULL, '147', "Ministry of Education (English)");
INSERT INTO policies (id, country_id, website) VALUES(NULL, '147', "National Policy on the use of ICT in Education");
INSERT INTO country (id, cont_id, name, last_updated) VALUES ('148','5', "Samoa – Independent State of Samoa", 'NOW()');
INSERT INTO ministry (id, country_id, website) VALUES(NULL, '148', "\"Ministry of Education");
INSERT INTO education_portal (id, country_id, website) VALUES(NULL, '148', " Sports & Culture \"");
INSERT INTO content (id, country_id, comments) VALUES(NULL, '148', "\"Ministry of Education");
INSERT INTO policies (id, country_id, website) VALUES(NULL, '148', "ICT Master Plan 2004-2007");
INSERT INTO policies (id, country_id, website) VALUES(NULL, '148', "National ICT Strategic Plan www.e-samoa.ws (does not work)");
INSERT INTO country (id, cont_id, name, last_updated) VALUES ('149','1', "San Marino – Most Serene Republic of San Marino", 'NOW()');
INSERT INTO ministry (id, country_id, website) VALUES(NULL, '149', "\"Segreteria di Stato per la Pubblica Istruzione");
INSERT INTO education_portal (id, country_id, website) VALUES(NULL, '149', " l\'Univrsità");
INSERT INTO policies (id, country_id, website) VALUES(NULL, '149', " gli Istituti  Culturali");
INSERT INTO content (id, country_id, comments) VALUES(NULL, '149', " l\'Informazione e la Ricerca (Italian)\"");
INSERT INTO country (id, cont_id, name, last_updated) VALUES ('150','0', "Saudi Arabia – Kingdom of Saudi Arabia", 'NOW()');
INSERT INTO ministry (id, country_id, website) VALUES(NULL, '150', "Ministry of Education (Arabic)");
INSERT INTO policies (id, country_id, website) VALUES(NULL, '150', "National IT Plan (NICTP)");
INSERT INTO content (id, country_id, comments) VALUES(NULL, '150', "Content: school infrastructure, software, content, IT training");
INSERT INTO ministry (id, country_id, website) VALUES(NULL, '150', "General Organization for Technical Education and Vocational Training (Arabic / English)");
INSERT INTO policies (id, country_id, website) VALUES(NULL, '150', "Computer and Information Center  of the Ministry of Education (CIC) ");
INSERT INTO ministry (id, country_id, website) VALUES(NULL, '150', "\"General Directorate for the Design and Development of Curricula");
INSERT INTO education_portal (id, country_id, website) VALUES(NULL, '150', " Technical and Vocational Education (English)\"");
INSERT INTO country (id, cont_id, name, last_updated) VALUES ('151','2', "Senegal – Republic of Senegal", 'NOW()');
INSERT INTO ministry (id, country_id, website) VALUES(NULL, '151', "Ministère de l\'Education (French) ");
INSERT INTO policies (id, country_id, website) VALUES(NULL, '151', "Programme décennal de l\'éducation et de la formation");
INSERT INTO content (id, country_id, comments) VALUES(NULL, '151', "Content: school infrastructure & connectivity, curricula, ");
INSERT INTO policies (id, country_id, website) VALUES(NULL, '151', "(French, 2003)");
INSERT INTO policies (id, country_id, website) VALUES(NULL, '151', "\"Plan national d’action de L’education pour tous (PNA/EPT) (french");
INSERT INTO content (id, country_id, comments) VALUES(NULL, '151', " 2001)\"");
INSERT INTO country (id, cont_id, name, last_updated) VALUES ('152','1', "Serbia – Republic of Serbia", 'NOW()');
INSERT INTO ministry (id, country_id, website) VALUES(NULL, '152', "Ministry of Education and Sport (Serbian / English)");
INSERT INTO country (id, cont_id, name, last_updated) VALUES ('153','2', "Seychelles – Republic of Seychelles", 'NOW()');
INSERT INTO ministry (id, country_id, website) VALUES(NULL, '153', "Ministry of Education (English)");
INSERT INTO policies (id, country_id, website) VALUES(NULL, '153', "National ICT Policy (2007)");
INSERT INTO content (id, country_id, comments) VALUES(NULL, '153', "Content: ICT training, distance education, infrastructure");
INSERT INTO country (id, cont_id, name, last_updated) VALUES ('154','2', "Sierra Leone – Republic of Sierra Leone", 'NOW()');
INSERT INTO ministry (id, country_id, website) VALUES(NULL, '154', "Ministry of");
INSERT INTO policies (id, country_id, website) VALUES(NULL, '154', "Education Plan 2007-2015 (2007)");
INSERT INTO content (id, country_id, comments) VALUES(NULL, '154', "Content: curricula, learning centers, ");
INSERT INTO ministry (id, country_id, website) VALUES(NULL, '154', "Education, Science and Technology");
INSERT INTO country (id, cont_id, name, last_updated) VALUES ('155','0', "Singapore – Republic of Singapore", 'NOW()');
INSERT INTO ministry (id, country_id, website) VALUES(NULL, '155', "Ministry of Education");
INSERT INTO education_portal (id, country_id, website) VALUES(NULL, '155', "Schoolbag");
INSERT INTO policies (id, country_id, website) VALUES(NULL, '155', "Masterplan II for IT in education");
INSERT INTO education_portal (id, country_id, website) VALUES(NULL, '155', "Edumall");
INSERT INTO policies (id, country_id, website) VALUES(NULL, '155', "Third Masterplan for ICT in Education (2009-2014) (missing link)");
INSERT INTO policies (id, country_id, website) VALUES(NULL, '155', "Effective integration of IT in schools pegadogical and policy implications project (ongoing)");
INSERT INTO country (id, cont_id, name, last_updated) VALUES ('156','1', "Slovakia – Slovak Republic", 'NOW()');
INSERT INTO ministry (id, country_id, website) VALUES(NULL, '156', "Ministry of Education (Slovak)");
INSERT INTO policies (id, country_id, website) VALUES(NULL, '156', "ICT in education Policy and related resources (Slovak)");
INSERT INTO country (id, cont_id, name, last_updated) VALUES ('157','1', "Slovenia – Republic of Slovenia", 'NOW()');
INSERT INTO ministry (id, country_id, website) VALUES(NULL, '157', "Ministry of Education and Sport (Slovenian / English)");
INSERT INTO policies (id, country_id, website) VALUES(NULL, '157', "Development Strategy For The Information Society In The Republic Of Slovenia (i2010) (2007)");
INSERT INTO content (id, country_id, comments) VALUES(NULL, '157', "Content: access to ICTs, conten portal, partnerships, training, ");
INSERT INTO ministry (id, country_id, website) VALUES(NULL, '157', "\"Ministry of Higher Education");
INSERT INTO education_portal (id, country_id, website) VALUES(NULL, '157', " Science and Technology (Slovenian / English)\"");
INSERT INTO content (id, country_id, comments) VALUES(NULL, '157', "National strategy of e-learning 2006–2010 (not found)");
INSERT INTO country (id, cont_id, name, last_updated) VALUES ('158','5', "Solomon islands", 'NOW()');
INSERT INTO ministry (id, country_id, website) VALUES(NULL, '158', "Ministry of Education and Human Resource Development (MEHRD)");
INSERT INTO education_portal (id, country_id, website) VALUES(NULL, '158', "Distance Learning Centres Project");
INSERT INTO policies (id, country_id, website) VALUES(NULL, '158', "People First Network (PFnet) project");
INSERT INTO content (id, country_id, comments) VALUES(NULL, '158', "Content: use of information and communications technology to improve learning and teaching, and to deliver instruction. Ise of ICt for MoE management.");
INSERT INTO policies (id, country_id, website) VALUES(NULL, '158', "Eduation Strategic Framework");
INSERT INTO policies (id, country_id, website) VALUES(NULL, '158', "2007 – 2015 (2007)");
INSERT INTO policies (id, country_id, website) VALUES(NULL, '158', "National Economic Recovery, Reform and Development Plan (NERRDP)");
INSERT INTO country (id, cont_id, name, last_updated) VALUES ('159','2', "Somalia", 'NOW()');
INSERT INTO ministry (id, country_id, website) VALUES(NULL, '159', "Ministry of Education");
INSERT INTO ministry (id, country_id, website) VALUES(NULL, '159', "Ministry of Higher Education and Culture");
INSERT INTO ministry (id, country_id, website) VALUES(NULL, '159', "Ministry of education Puntland");
INSERT INTO country (id, cont_id, name, last_updated) VALUES ('160','2', "South Africa – Republic of South Africa", 'NOW()');
INSERT INTO ministry (id, country_id, website) VALUES(NULL, '160', "Department of Education");
INSERT INTO education_portal (id, country_id, website) VALUES(NULL, '160', "Thutong");
INSERT INTO policies (id, country_id, website) VALUES(NULL, '160', "Education Strategic Plan 2009-2013 (2009)");
INSERT INTO content (id, country_id, comments) VALUES(NULL, '160', "Content:  Infrastructure, Connectivity, Professional Development, curriculum Integration, Research and Human Resource Systems.");
INSERT INTO ministry (id, country_id, website) VALUES(NULL, '160', "Centre for Higher Education Transformation (CHET) ");
INSERT INTO policies (id, country_id, website) VALUES(NULL, '160', "Strategy for information and communication technology in education (2001)");
INSERT INTO policies (id, country_id, website) VALUES(NULL, '160', "White paper on e-education (2004)");
INSERT INTO policies (id, country_id, website) VALUES(NULL, '160', "Managing ICTs in South African Schools: A guide for School Principals (2006)");
INSERT INTO policies (id, country_id, website) VALUES(NULL, '160', "Research agenda for ICT in Education (2007)");
INSERT INTO policies (id, country_id, website) VALUES(NULL, '160', "Guidelines for teacher training and Professional development in ICT (2007)");
INSERT INTO country (id, cont_id, name, last_updated) VALUES ('161','1', "Spain – Kingdom of Spain", 'NOW()');
INSERT INTO ministry (id, country_id, website) VALUES(NULL, '161', "\"Ministerio de Educación");
INSERT INTO education_portal (id, country_id, website) VALUES(NULL, '161', " Politica Social y Deporte (Spanish / Catalá / Vasc)\"");
INSERT INTO content (id, country_id, comments) VALUES(NULL, '161', "\"Plan Avanza 2");
INSERT INTO policies (id, country_id, website) VALUES(NULL, '161', "Participación del PNTIC en proyectos e iniciativas internacionales (spanish)");
INSERT INTO policies (id, country_id, website) VALUES(NULL, '161', "\"Plan Nacional de Investigación Científica");
INSERT INTO content (id, country_id, comments) VALUES(NULL, '161', " Desarrollo e Innovación Tecnológica 2008-2011 (Spanish)  \"");
INSERT INTO country (id, cont_id, name, last_updated) VALUES ('162','0', "Sri Lanka – Democratic Socialist Republic of Sri Lanka", 'NOW()');
INSERT INTO ministry (id, country_id, website) VALUES(NULL, '162', "Ministry of Education (English) ");
INSERT INTO policies (id, country_id, website) VALUES(NULL, '162', "\"e-Sri Lanka Initiative (English/sinhala/tamil");
INSERT INTO content (id, country_id, comments) VALUES(NULL, '162', " 2006)\"");
INSERT INTO policies (id, country_id, website) VALUES(NULL, '162', "National Policy on IT in school education (2001)");
INSERT INTO policies (id, country_id, website) VALUES(NULL, '162', "ICT Agency");
INSERT INTO policies (id, country_id, website) VALUES(NULL, '162', "Education for Knowledge Society project");
INSERT INTO country (id, cont_id, name, last_updated) VALUES ('163','0', "St. Kitts & Nevis", 'NOW()');
INSERT INTO ministry (id, country_id, website) VALUES(NULL, '163', "Ministry of Education");
INSERT INTO policies (id, country_id, website) VALUES(NULL, '163', "ICT Strategic Plan (2006)");
INSERT INTO content (id, country_id, comments) VALUES(NULL, '163', "Contents: teacher training, ICT literacy, ICTs in education, distance learning, software ");
INSERT INTO country (id, cont_id, name, last_updated) VALUES ('164','0', "St. Vincent and the Grenadines", 'NOW()');
INSERT INTO ministry (id, country_id, website) VALUES(NULL, '164', "Ministry of Education");
INSERT INTO policies (id, country_id, website) VALUES(NULL, '164', "National Policy on the use of ICT in Education");
INSERT INTO country (id, cont_id, name, last_updated) VALUES ('165','2', "Sudan – Republic of the Sudan", 'NOW()');
INSERT INTO ministry (id, country_id, website) VALUES(NULL, '165', "Ministry of Education (Arabic / english)");
INSERT INTO policies (id, country_id, website) VALUES(NULL, '165', "ICT Policy (1999)");
INSERT INTO policies (id, country_id, website) VALUES(NULL, '165', "ICT policy for education (2002)");
INSERT INTO country (id, cont_id, name, last_updated) VALUES ('166','4', "Suriname – Republic of Suriname", 'NOW()');
INSERT INTO ministry (id, country_id, website) VALUES(NULL, '166', "Ministry of Education and Culture");
INSERT INTO country (id, cont_id, name, last_updated) VALUES ('167','2', "Swaziland – Kingdom of Swaziland", 'NOW()');
INSERT INTO ministry (id, country_id, website) VALUES(NULL, '167', "Ministry of Education ");
INSERT INTO policies (id, country_id, website) VALUES(NULL, '167', "National ICT policy and plans (2007)");
INSERT INTO content (id, country_id, comments) VALUES(NULL, '167', "Content: ICT literacy, school infrastructure, teacher training, curricula, equal access");
INSERT INTO country (id, cont_id, name, last_updated) VALUES ('168','1', "Sweden – Kingdom of Sweden", 'NOW()');
INSERT INTO ministry (id, country_id, website) VALUES(NULL, '168', "Ministry of Education and Research (Svenska / English) ");
INSERT INTO policies (id, country_id, website) VALUES(NULL, '168', "National Action programme for ICTs in schools (1998-2002)");
INSERT INTO content (id, country_id, comments) VALUES(NULL, '168', "Sweden has a decentralized school system. There are measures and actions from the National Swedish Agency for School Improvement (formerly the National Agency for Education) which aim at giving good");
INSERT INTO content (id, country_id, comments) VALUES(NULL, '168', "local conditions for ICT development.");
INSERT INTO policies (id, country_id, website) VALUES(NULL, '168', "Swedish Agency for School Improvement (Swedish/English)");
INSERT INTO country (id, cont_id, name, last_updated) VALUES ('169','1', "Switzerland – Swiss Confederation", 'NOW()');
INSERT INTO ministry (id, country_id, website) VALUES(NULL, '169', "State Secretariat for Education and Research (German / Italian / English / French)");
INSERT INTO education_portal (id, country_id, website) VALUES(NULL, '169', "Educanet (German / Italian / English / French)");
INSERT INTO policies (id, country_id, website) VALUES(NULL, '169', "ICT Strategy for Education (2007)");
INSERT INTO content (id, country_id, comments) VALUES(NULL, '169', "Content: curricula, digital content, teacher training, information tools for schools, cooperation");
INSERT INTO ministry (id, country_id, website) VALUES(NULL, '169', "Swiss Agency for ICTs in Education (French / German)");
INSERT INTO education_portal (id, country_id, website) VALUES(NULL, '169', "Educa.ch (German / Italian / English / French)");
INSERT INTO policies (id, country_id, website) VALUES(NULL, '169', "Educational resources");
INSERT INTO content (id, country_id, comments) VALUES(NULL, '169', "Note: Competence for education in Switzerland is shared between the Confederation, the Cantons and the local Communes.");
INSERT INTO country (id, cont_id, name, last_updated) VALUES ('170','0', "Syria – Syrian Arab Republic", 'NOW()');
INSERT INTO ministry (id, country_id, website) VALUES(NULL, '170', "Ministry of Education (Arabic)");
INSERT INTO ministry (id, country_id, website) VALUES(NULL, '170', "Ministry of Higher Education (Arabic English / french)");
INSERT INTO country (id, cont_id, name, last_updated) VALUES ('171','0', "Taiwan – Republic of China", 'NOW()');
INSERT INTO ministry (id, country_id, website) VALUES(NULL, '171', "Ministry of Education (Chinese / English)");
INSERT INTO country (id, cont_id, name, last_updated) VALUES ('172','0', "Tajikistan – Republic of Tajikistan", 'NOW()');
INSERT INTO ministry (id, country_id, website) VALUES(NULL, '172', "Ministry of Education (Tajiko / russian)");
INSERT INTO policies (id, country_id, website) VALUES(NULL, '172', "National Education Plan 2006-2015 (2005)");
INSERT INTO content (id, country_id, comments) VALUES(NULL, '172', "Content: curricula, infrastructure, training of university students, teacher training");
INSERT INTO policies (id, country_id, website) VALUES(NULL, '172', "\"Information technology in schools (website");
INSERT INTO content (id, country_id, comments) VALUES(NULL, '172', " Russian)\"");
INSERT INTO policies (id, country_id, website) VALUES(NULL, '172', "\"\"\"Installation of computers in primary and high schools in the Republic of Tajikistan for 2003-2007\"\"\"");
INSERT INTO policies (id, country_id, website) VALUES(NULL, '172', "\"HYPERLINK(\"\"http://www.education.tj/documents/ru/5/links.php?gos_strategiya.htm\"\"");
INSERT INTO content (id, country_id, comments) VALUES(NULL, '172', "\"\"\"\" andcommunicationtechnologyfordevelopmentoftheRepublicofTajikistan)\"");
INSERT INTO country (id, cont_id, name, last_updated) VALUES ('173','2', "Tanzania – United Republic of Tanzania", 'NOW()');
INSERT INTO ministry (id, country_id, website) VALUES(NULL, '173', "Ministry of Education and Vocational Training");
INSERT INTO education_portal (id, country_id, website) VALUES(NULL, '173', "Wakute");
INSERT INTO policies (id, country_id, website) VALUES(NULL, '173', "ICT Policy for Basic Education (2007)");
INSERT INTO content (id, country_id, comments) VALUES(NULL, '173', "Content: Infrastructure and Technical Issues, Curriculum and Content, Training and Capacity Building, Planning, Procurement and Administration, Management, Support and Sustainability, Monitoring and Evaluation.");
INSERT INTO policies (id, country_id, website) VALUES(NULL, '173', "draft National ICT Policy (2001)");
INSERT INTO policies (id, country_id, website) VALUES(NULL, '173', "Vision 2025");
INSERT INTO policies (id, country_id, website) VALUES(NULL, '173', "\"Education Sector Development Programme (ESDP");
INSERT INTO content (id, country_id, comments) VALUES(NULL, '173', " 2001)\"");
INSERT INTO policies (id, country_id, website) VALUES(NULL, '173', "Primary Education Development Plan and Secondary Education Development Plan ");
INSERT INTO policies (id, country_id, website) VALUES(NULL, '173', "National Information and Communications Technologies Policy (2003)");
INSERT INTO country (id, cont_id, name, last_updated) VALUES ('174','0', "Thailand – Kingdom of Thailand", 'NOW()');
INSERT INTO ministry (id, country_id, website) VALUES(NULL, '174', "Ministry of Education (Thai / english) ");
INSERT INTO policies (id, country_id, website) VALUES(NULL, '174', "Thailand IT Policy Framework 2001-2010: Vision Towards a Knowledge-based Economy (2003)");
INSERT INTO content (id, country_id, comments) VALUES(NULL, '174', "Content: Information infrastructure, rendering educational information and knowledge more accessible.");
INSERT INTO policies (id, country_id, website) VALUES(NULL, '174', "IT in vocational training");
INSERT INTO country (id, cont_id, name, last_updated) VALUES ('175','2', "Togo – Togolese Republic", 'NOW()');
INSERT INTO ministry (id, country_id, website) VALUES(NULL, '175', "\"Ministère des Enseignements Primaire");
INSERT INTO education_portal (id, country_id, website) VALUES(NULL, '175', " Secondaire et de l\'Alphabétisation (MEPSA)\"");
INSERT INTO content (id, country_id, comments) VALUES(NULL, '175', "\"Plan d\'action national: Education Pour Tous PAN-EPT (French");
INSERT INTO ministry (id, country_id, website) VALUES(NULL, '175', "Ministère de l\'éducation nationale et de la recherche (no site found)");
INSERT INTO policies (id, country_id, website) VALUES(NULL, '175', "Stratégie Nationale de l’Information au Togo Document II, Examen des infrastructures et synthèses des besoins et Document III, Projet de déclaration de politique nationale");
INSERT INTO country (id, cont_id, name, last_updated) VALUES ('176','5', "Tonga – Kingdom of Tonga", 'NOW()');
INSERT INTO ministry (id, country_id, website) VALUES(NULL, '176', "Ministry of Education (Tongan / english)");
INSERT INTO policies (id, country_id, website) VALUES(NULL, '176', "Government Strategic");
INSERT INTO content (id, country_id, comments) VALUES(NULL, '176', "Content: briefly mentions ICTs in education, infrastructure");
INSERT INTO policies (id, country_id, website) VALUES(NULL, '176', "Development Plan 2006-2009 (2006)");
INSERT INTO policies (id, country_id, website) VALUES(NULL, '176', "Ed. Policy Framework 2004 - 2019");
INSERT INTO country (id, cont_id, name, last_updated) VALUES ('177','5', "Trinidad and Tobago – Republic of Trinidad and Tobago", 'NOW()');
INSERT INTO ministry (id, country_id, website) VALUES(NULL, '177', "Ministry of Education ");
INSERT INTO education_portal (id, country_id, website) VALUES(NULL, '177', "Student portal ");
INSERT INTO policies (id, country_id, website) VALUES(NULL, '177', "ICT in Education draft Policy (2005)");
INSERT INTO content (id, country_id, comments) VALUES(NULL, '177', "Content: curricula, access, teacher training, ICTs in schools, monitoring and evaluation, strategic alliances");
INSERT INTO policies (id, country_id, website) VALUES(NULL, '177', "IT Unit (website)");
INSERT INTO policies (id, country_id, website) VALUES(NULL, '177', "National Information and Communication Technology Strategy  - fastforward 2008 ");
INSERT INTO country (id, cont_id, name, last_updated) VALUES ('178','2', "Tunisia – Tunisian Republic", 'NOW()');
INSERT INTO ministry (id, country_id, website) VALUES(NULL, '178', "\"Ministère de l’éducation et de la formation (Arabic");
INSERT INTO education_portal (id, country_id, website) VALUES(NULL, '178', " French");
INSERT INTO policies (id, country_id, website) VALUES(NULL, '178', " English)\"");
INSERT INTO content (id, country_id, comments) VALUES(NULL, '178', "Edunet (Arabic)");
INSERT INTO ministry (id, country_id, website) VALUES(NULL, '178', "Ministère de l\'enseignement supérieur (Arabic / French / English)");
INSERT INTO policies (id, country_id, website) VALUES(NULL, '178', "Education Quality Improvement Program (EQIP)");
INSERT INTO country (id, cont_id, name, last_updated) VALUES ('179','0', "Turkey – Republic of Turkey", 'NOW()');
INSERT INTO ministry (id, country_id, website) VALUES(NULL, '179', "Ministry of Education (Turkish)");
INSERT INTO policies (id, country_id, website) VALUES(NULL, '179', "Several ICT projects (2004)");
INSERT INTO content (id, country_id, comments) VALUES(NULL, '179', "Content: access, curricula, teacher training, ");
INSERT INTO country (id, cont_id, name, last_updated) VALUES ('180','0', "Turks and Caicos Islands", 'NOW()');
INSERT INTO ministry (id, country_id, website) VALUES(NULL, '180', "Ministry of Education");
INSERT INTO policies (id, country_id, website) VALUES(NULL, '180', "Current Education Policy");
INSERT INTO policies (id, country_id, website) VALUES(NULL, '180', "Education Plan of 2006-2010 (2005)");
INSERT INTO country (id, cont_id, name, last_updated) VALUES ('181','0', "Turkmenistan", 'NOW()');
INSERT INTO ministry (id, country_id, website) VALUES(NULL, '181', "Ministry of Education (no site found)");
INSERT INTO country (id, cont_id, name, last_updated) VALUES ('182','5', "Tuvalu", 'NOW()');
INSERT INTO ministry (id, country_id, website) VALUES(NULL, '182', "Ministry of Education, Sports and Culture (no site found)");
INSERT INTO policies (id, country_id, website) VALUES(NULL, '182', "Tuvalu Department of Education strategic plan 2006 - 2010");
INSERT INTO content (id, country_id, comments) VALUES(NULL, '182', "Content: EMIS");
INSERT INTO policies (id, country_id, website) VALUES(NULL, '182', "“Information and Communication Technologies for every Tuvaluan Citizen” (not found)");
INSERT INTO country (id, cont_id, name, last_updated) VALUES ('183','2', "Uganda – Republic of Uganda", 'NOW()');
INSERT INTO ministry (id, country_id, website) VALUES(NULL, '183', "Ministry of Education and Sports (English) ");
INSERT INTO policies (id, country_id, website) VALUES(NULL, '183', "ICT4D National Policy (2003)");
INSERT INTO content (id, country_id, comments) VALUES(NULL, '183', "Content: ICT training, connectivity projects, curricula, content");
INSERT INTO policies (id, country_id, website) VALUES(NULL, '183', "Draft Policy for the education sector (2005)");
INSERT INTO policies (id, country_id, website) VALUES(NULL, '183', "Status of ICT4E projects");
INSERT INTO country (id, cont_id, name, last_updated) VALUES ('184','1', "Ukraina", 'NOW()');
INSERT INTO ministry (id, country_id, website) VALUES(NULL, '184', "Ministry of Education and Science (Ukrainian)");
INSERT INTO country (id, cont_id, name, last_updated) VALUES ('185','0', "United Arab Emirates", 'NOW()');
INSERT INTO ministry (id, country_id, website) VALUES(NULL, '185', "Ministry of Education (Arabic/English)");
INSERT INTO education_portal (id, country_id, website) VALUES(NULL, '185', "Student’s portal");
INSERT INTO policies (id, country_id, website) VALUES(NULL, '185', "Strategic Plan 2008-2010 (arab)");
INSERT INTO country (id, cont_id, name, last_updated) VALUES ('186','1', "United Kingdom – United Kingdom of Great Britain and Northern Ireland", 'NOW()');
INSERT INTO ministry (id, country_id, website) VALUES(NULL, '186', "Department for educations and skills (English) ");
INSERT INTO education_portal (id, country_id, website) VALUES(NULL, '186', "Teachernet");
INSERT INTO policies (id, country_id, website) VALUES(NULL, '186', "e-strategy: \'Harnessing Technology: Transforming learning and children\'s services\' ");
INSERT INTO content (id, country_id, comments) VALUES(NULL, '186', "Notes: It is an ambitious strategy covering all sectors for the next five years and beyond.");
INSERT INTO policies (id, country_id, website) VALUES(NULL, '186', "British Educational Communications and Technology Agency (Becta) ");
INSERT INTO policies (id, country_id, website) VALUES(NULL, '186', "Transforming teaching and learning through ICT in schools (2005)");
INSERT INTO policies (id, country_id, website) VALUES(NULL, '186', "The national standards site");
INSERT INTO country (id, cont_id, name, last_updated) VALUES ('187','3', "United States – United States of America", 'NOW()');
INSERT INTO ministry (id, country_id, website) VALUES(NULL, '187', "Department of Education");
INSERT INTO policies (id, country_id, website) VALUES(NULL, '187', "\"The US does not have a policy but rather has a national Education Technology Plan (2006");
INSERT INTO content (id, country_id, comments) VALUES(NULL, '187', " website).\"");
INSERT INTO policies (id, country_id, website) VALUES(NULL, '187', "Example of State policy- Maryland Technology in Education Plan 2002-2005 ");
INSERT INTO country (id, cont_id, name, last_updated) VALUES ('188','4', "Uruguay – Eastern Republic of Uruguay", 'NOW()');
INSERT INTO ministry (id, country_id, website) VALUES(NULL, '188', "Ministerio de Educación y Cultura (Spanish)");
INSERT INTO education_portal (id, country_id, website) VALUES(NULL, '188', "Uruguay Educa (Spanish)");
INSERT INTO policies (id, country_id, website) VALUES(NULL, '188', "Agenda Digital 2008-2010");
INSERT INTO content (id, country_id, comments) VALUES(NULL, '188', "\"Content: educative portal");
INSERT INTO policies (id, country_id, website) VALUES(NULL, '188', "(spanish, 2008) ");
INSERT INTO country (id, cont_id, name, last_updated) VALUES ('189','0', "Uzbekistan – Republic of Uzbekistan", 'NOW()');
INSERT INTO ministry (id, country_id, website) VALUES(NULL, '189', "Ministry of Public Education (Uzbek/Russian/English)");
INSERT INTO policies (id, country_id, website) VALUES(NULL, '189', "National Action Plan on");
INSERT INTO content (id, country_id, comments) VALUES(NULL, '189', "Content: distance education, curricula, school infrastructure, school administration, teacher training");
INSERT INTO policies (id, country_id, website) VALUES(NULL, '189', "Education for All (2002)");
INSERT INTO ministry (id, country_id, website) VALUES(NULL, '189', "Ministry of higher and secondary specialized Education (Uzbek/Russian/English)");
INSERT INTO policies (id, country_id, website) VALUES(NULL, '189', "ICTP Website (2005)");
INSERT INTO country (id, cont_id, name, last_updated) VALUES ('190','5', "Vanuatu – Republic of Vanuatu", 'NOW()');
INSERT INTO ministry (id, country_id, website) VALUES(NULL, '190', "Ministry of Education (no site found)");
INSERT INTO policies (id, country_id, website) VALUES(NULL, '190', "Education master plan 2007-2016 (French)");
INSERT INTO policies (id, country_id, website) VALUES(NULL, '190', "Policy for open and distance learning");
INSERT INTO country (id, cont_id, name, last_updated) VALUES ('191','4', "Venezuela – Bolivarian Republic of Venezuela", 'NOW()');
INSERT INTO ministry (id, country_id, website) VALUES(NULL, '191', "Ministerio del poder popular para la Educación (Spanish) ");
INSERT INTO education_portal (id, country_id, website) VALUES(NULL, '191', "Portal Educativo (Spanish) ");
INSERT INTO policies (id, country_id, website) VALUES(NULL, '191', "\"Plan Estratégico de Tecnologías de Información y Comunicaciones para el Sector Educativo Nacional 2002 – 2007 (2002");
INSERT INTO content (id, country_id, comments) VALUES(NULL, '191', " spanish)\"");
INSERT INTO education_portal (id, country_id, website) VALUES(NULL, '191', "Red nacional de actualización docente mediante la informática y la telemática (spanish)");
INSERT INTO policies (id, country_id, website) VALUES(NULL, '191', "\"Plan Nacional de Tecnologías de Información (2001");
INSERT INTO content (id, country_id, comments) VALUES(NULL, '191', " spanish)\"");
INSERT INTO country (id, cont_id, name, last_updated) VALUES ('192','0', "Vietnam – Socialist Republic of Vietnam", 'NOW()');
INSERT INTO ministry (id, country_id, website) VALUES(NULL, '192', "Ministry of Education and Training (English / Vietnamese)");
INSERT INTO policies (id, country_id, website) VALUES(NULL, '192', "Master Plan for IT in Education 2001-2005 (2001)");
INSERT INTO content (id, country_id, comments) VALUES(NULL, '192', "Content: infrastructure, teacher training, ");
INSERT INTO policies (id, country_id, website) VALUES(NULL, '192', "Accelerating the Use and Development of Information Technology for the Cause of the Industrialization and Modernization of the Communist Party of Viet Nam (2000)");
INSERT INTO country (id, cont_id, name, last_updated) VALUES ('193','0', "Yemen – Republic of Yemen", 'NOW()');
INSERT INTO ministry (id, country_id, website) VALUES(NULL, '193', "Ministry of Education (Arabic / English)");
INSERT INTO policies (id, country_id, website) VALUES(NULL, '193', "National ICT Policy for Higher Education (2005)");
INSERT INTO content (id, country_id, comments) VALUES(NULL, '193', "Content: management and maintenance of information resources, Academic Records Management Information Systems, Financial Management Information Systems, data communication infrastructure, end-user computer skills training, management information systems, e-learning and e-library");
INSERT INTO policies (id, country_id, website) VALUES(NULL, '193', "National ICT Master Plan  (2005-2008)");
INSERT INTO country (id, cont_id, name, last_updated) VALUES ('194','2', "Zambia – Republic of Zambia", 'NOW()');
INSERT INTO ministry (id, country_id, website) VALUES(NULL, '194', "Ministry of Education (English)");
INSERT INTO policies (id, country_id, website) VALUES(NULL, '194', "National ICT Policy (2006)");
INSERT INTO content (id, country_id, comments) VALUES(NULL, '194', "Contents: e-learning, curricula, teacher training, partnerships, affordable equipment for students and teachers.");
INSERT INTO policies (id, country_id, website) VALUES(NULL, '194', "Education STRATEGIC PLAN 2003 - 2007");
INSERT INTO policies (id, country_id, website) VALUES(NULL, '194', "ICT policy and an ICT Strategy Implementation Plan for the Ministry of Education (doc not found)");
